DATE_D'EXTRACTION,Date,Heure,Devises,Cours Minimum,Cours Maximum
2023-12-08 15:04:16.000,2023-12-08 00:00:00.000,08:30:00.0000000,1 Dollar u.s.a.,9.4657,10.4621
2023-12-08 15:04:16.000,2023-12-08 00:00:00.000,11:54:52.0000000,1 Dollar u.s.a.,9.461,10.4569
2023-12-07 15:04:21.000,2023-12-07 00:00:00.000,08:30:00.0000000,1 Dollar u.s.a.,9.4681,10.4648
2023-12-07 15:04:21.000,2023-12-07 00:00:00.000,11:54:59.0000000,1 Dollar u.s.a.,9.4679,10.4645
2023-12-06 15:05:57.000,2023-12-06 00:00:00.000,08:30:00.0000000,1 Dollar u.s.a.,9.4607,10.4566
2023-12-06 15:05:57.000,2023-12-06 00:00:00.000,11:54:26.0000000,1 Dollar u.s.a.,9.4583,10.4539
2023-12-06 15:05:43.000,2023-12-05 00:00:00.000,08:30:00.0000000,1 Dollar u.s.a.,9.4483,10.4428
2023-12-06 15:05:43.000,2023-12-05 00:00:00.000,11:54:17.0000000,1 Dollar u.s.a.,9.4351,10.4282
2023-12-06 15:05:29.000,2023-12-04 00:00:00.000,08:30:00.0000000,1 Dollar u.s.a.,9.4209,10.4125
2023-12-06 15:05:29.000,2023-12-04 00:00:00.000,11:53:56.0000000,1 Dollar u.s.a.,9.4177,10.4091
2023-12-01 15:04:39.000,2023-12-01 00:00:00.000,08:30:00.0000000,1 Dollar u.s.a.,9.3962,10.3853
2023-12-01 15:04:39.000,2023-12-01 00:00:00.000,11:54:49.0000000,1 Dollar u.s.a.,9.4057,10.3957
2023-11-30 15:04:31.000,2023-11-30 00:00:00.000,08:30:00.0000000,1 Dollar u.s.a.,9.3671,10.3531
2023-11-30 15:04:31.000,2023-11-30 00:00:00.000,11:54:46.0000000,1 Dollar u.s.a.,9.3897,10.3781
2023-11-29 15:04:14.000,2023-11-29 00:00:00.000,08:30:00.0000000,1 Dollar u.s.a.,9.3567,10.3416
2023-11-29 15:04:14.000,2023-11-29 00:00:00.000,11:55:24.0000000,1 Dollar u.s.a.,9.3621,10.3476
2023-11-28 15:04:19.000,2023-11-28 00:00:00.000,08:30:00.0000000,1 Dollar u.s.a.,9.3767,10.3637
2023-11-28 15:04:19.000,2023-11-28 00:00:00.000,11:53:33.0000000,1 Dollar u.s.a.,9.3754,10.3623
2023-11-27 15:05:03.000,2023-11-27 00:00:00.000,08:30:00.0000000,1 Dollar u.s.a.,9.3718,10.3583
2023-11-27 15:05:03.000,2023-11-27 00:00:00.000,11:54:35.0000000,1 Dollar u.s.a.,9.3723,10.3588
2023-11-24 15:04:15.000,2023-11-24 00:00:00.000,08:30:00.0000000,1 Dollar u.s.a.,9.3962,10.3853
2023-11-24 15:04:15.000,2023-11-24 00:00:00.000,11:55:49.0000000,1 Dollar u.s.a.,9.3957,10.3848
2023-11-23 15:04:12.000,2023-11-23 00:00:00.000,08:30:00.0000000,1 Dollar u.s.a.,9.3952,10.3842
2023-11-23 15:04:12.000,2023-11-23 00:00:00.000,11:54:24.0000000,1 Dollar u.s.a.,9.3915,10.3801
2023-11-22 15:04:16.000,2023-11-22 00:00:00.000,08:30:00.0000000,1 Dollar u.s.a.,9.3926,10.3813
2023-11-22 15:04:16.000,2023-11-22 00:00:00.000,11:55:18.0000000,1 Dollar u.s.a.,9.401,10.3905
2023-11-22 15:04:16.000,2023-11-22 00:00:00.000,11:58:44.0000000,1 Dollar u.s.a.,9.401,10.3905
2023-11-21 15:04:19.000,2023-11-21 00:00:00.000,08:30:00.0000000,1 Dollar u.s.a.,9.3712,10.3577
2023-11-21 15:04:19.000,2023-11-21 00:00:00.000,11:54:44.0000000,1 Dollar u.s.a.,9.3764,10.3634
2023-11-20 15:04:58.000,2023-11-20 00:00:00.000,08:30:00.0000000,1 Dollar u.s.a.,9.3936,10.3824
2023-11-20 15:04:58.000,2023-11-20 00:00:00.000,11:57:27.0000000,1 Dollar u.s.a.,9.3863,10.3744
2023-11-17 15:04:04.000,2023-11-17 00:00:00.000,08:30:00.0000000,1 Dollar u.s.a.,9.434,10.4271
2023-11-17 15:04:04.000,2023-11-17 00:00:00.000,11:53:47.0000000,1 Dollar u.s.a.,9.4177,10.4091
2023-11-16 15:04:24.000,2023-11-16 00:00:00.000,08:30:00.0000000,1 Dollar u.s.a.,9.434,10.4271
2023-11-16 15:04:24.000,2023-11-16 00:00:00.000,11:54:04.0000000,1 Dollar u.s.a.,9.4277,10.4201
2023-11-15 15:02:42.000,2023-11-15 00:00:00.000,08:30:00.0000000,1 Dollar u.s.a.,9.4172,10.4085
2023-11-15 15:02:42.000,2023-11-15 00:00:00.000,11:54:09.0000000,1 Dollar u.s.a.,9.4235,10.4154
2023-11-14 15:03:52.000,2023-11-14 00:00:00.000,08:30:00.0000000,1 Dollar u.s.a.,9.5035,10.5039
2023-11-14 15:03:52.000,2023-11-14 00:00:00.000,11:54:12.0000000,1 Dollar u.s.a.,9.4966,10.4962
2023-11-13 15:04:56.000,2023-11-13 00:00:00.000,08:30:00.0000000,1 Dollar u.s.a.,9.5094,10.5104
2023-11-13 15:04:56.000,2023-11-13 00:00:00.000,11:54:48.0000000,1 Dollar u.s.a.,9.5073,10.508
2023-11-10 15:04:09.000,2023-11-10 00:00:00.000,08:30:00.0000000,1 Dollar u.s.a.,9.5271,10.53
2023-11-10 15:04:09.000,2023-11-10 00:00:00.000,11:53:45.0000000,1 Dollar u.s.a.,9.5169,10.5187
2023-11-09 15:04:07.000,2023-11-09 00:00:00.000,08:30:00.0000000,1 Dollar u.s.a.,9.503,10.5033
2023-11-09 15:04:07.000,2023-11-09 00:00:00.000,11:53:37.0000000,1 Dollar u.s.a.,9.5148,10.5163
2023-11-08 15:04:26.000,2023-11-08 00:00:00.000,08:30:00.0000000,1 Dollar u.s.a.,9.5174,10.5193
2023-11-08 15:04:26.000,2023-11-08 00:00:00.000,11:57:35.0000000,1 Dollar u.s.a.,9.5239,10.5264
2023-11-07 15:05:20.000,2023-11-07 00:00:00.000,08:30:00.0000000,1 Dollar u.s.a.,9.5099,10.511
2023-11-07 15:05:20.000,2023-11-07 00:00:00.000,11:54:09.0000000,1 Dollar u.s.a.,9.5164,10.5181
2023-11-03 15:04:31.000,2023-11-03 00:00:00.000,08:30:00.0000000,1 Dollar u.s.a.,9.5432,10.5478
2023-11-02 15:04:20.000,2023-11-02 00:00:00.000,08:30:00.0000000,1 Dollar u.s.a.,9.5586,10.5648
2023-11-02 15:04:20.000,2023-11-02 00:00:00.000,11:53:54.0000000,1 Dollar u.s.a.,9.5422,10.5466
2023-11-01 15:04:13.000,2023-11-01 00:00:00.000,08:30:00.0000000,1 Dollar u.s.a.,9.5776,10.5858
2023-11-01 15:04:13.000,2023-11-01 00:00:00.000,11:56:56.0000000,1 Dollar u.s.a.,9.5871,10.5963
2023-10-31 15:04:59.000,2023-10-31 00:00:00.000,08:30:00.0000000,1 Dollar u.s.a.,9.553,10.5585
2023-10-31 15:04:59.000,2023-10-31 00:00:00.000,11:56:50.0000000,1 Dollar u.s.a.,9.5268,10.5297
2023-10-30 15:05:09.000,2023-10-30 00:00:00.000,08:30:00.0000000,1 Dollar u.s.a.,9.5833,10.5921
2023-10-30 15:05:09.000,2023-10-30 00:00:00.000,11:55:18.0000000,1 Dollar u.s.a.,9.5735,10.5813
2023-10-27 15:04:09.000,2023-10-27 00:00:00.000,08:30:00.0000000,1 Dollar u.s.a.,9.5844,10.5933
2023-10-27 15:04:09.000,2023-10-27 00:00:00.000,11:56:25.0000000,1 Dollar u.s.a.,9.5828,10.5915
2023-10-26 15:04:38.000,2023-10-26 00:00:00.000,08:30:00.0000000,1 Dollar u.s.a.,9.5936,10.6035
2023-10-26 15:04:38.000,2023-10-26 00:00:00.000,11:55:52.0000000,1 Dollar u.s.a.,9.5942,10.6041
2023-10-25 15:04:14.000,2023-10-25 00:00:00.000,08:30:00.0000000,1 Dollar u.s.a.,9.5684,10.5756
2023-10-25 15:04:14.000,2023-10-25 00:00:00.000,11:55:25.0000000,1 Dollar u.s.a.,9.5746,10.5825
2023-10-24 15:04:10.000,2023-10-24 00:00:00.000,08:30:00.0000000,1 Dollar u.s.a.,9.526,10.5288
2023-10-24 15:04:10.000,2023-10-24 00:00:00.000,11:55:29.0000000,1 Dollar u.s.a.,9.5454,10.5502
2023-10-23 15:05:25.000,2023-10-23 00:00:00.000,08:30:00.0000000,1 Dollar u.s.a.,9.5665,10.5735
2023-10-23 15:05:25.000,2023-10-23 00:00:00.000,11:56:03.0000000,1 Dollar u.s.a.,9.5586,10.5648
2023-10-20 15:02:39.000,2023-10-20 00:00:00.000,08:30:00.0000000,1 Dollar u.s.a.,9.5752,10.5831
2023-10-20 15:02:39.000,2023-10-20 00:00:00.000,11:55:43.0000000,1 Dollar u.s.a.,9.5673,10.5744
2023-10-19 15:02:47.000,2023-10-19 00:00:00.000,08:30:00.0000000,1 Dollar u.s.a.,9.5917,10.6014
2023-10-19 15:02:47.000,2023-10-19 00:00:00.000,11:56:06.0000000,1 Dollar u.s.a.,9.5876,10.5969
2023-10-18 15:04:08.000,2023-10-18 00:00:00.000,08:30:00.0000000,1 Dollar u.s.a.,9.5724,10.5801
2023-10-18 15:04:08.000,2023-10-18 00:00:00.000,11:56:18.0000000,1 Dollar u.s.a.,9.5844,10.5933
2023-10-17 15:03:53.000,2023-10-17 00:00:00.000,08:30:00.0000000,1 Dollar u.s.a.,9.5876,10.5969
2023-10-17 15:03:53.000,2023-10-17 00:00:00.000,11:56:02.0000000,1 Dollar u.s.a.,9.586,10.5951
2023-10-16 15:05:03.000,2023-10-16 00:00:00.000,08:30:00.0000000,1 Dollar u.s.a.,9.5991,10.6095
2023-10-16 15:05:03.000,2023-10-16 00:00:00.000,11:55:21.0000000,1 Dollar u.s.a.,9.5969,10.6071
2023-10-13 15:04:07.000,2023-10-13 00:00:00.000,08:30:00.0000000,1 Dollar u.s.a.,9.5887,10.5981
2023-10-13 15:04:07.000,2023-10-13 00:00:00.000,11:55:42.0000000,1 Dollar u.s.a.,9.6024,10.6131
2023-10-12 15:04:14.000,2023-10-12 00:00:00.000,08:30:00.0000000,1 Dollar u.s.a.,9.5476,10.5526
2023-10-12 15:04:14.000,2023-10-12 00:00:00.000,11:54:48.0000000,1 Dollar u.s.a.,9.5508,10.5561
2023-10-11 15:04:09.000,2023-10-11 00:00:00.000,08:30:00.0000000,1 Dollar u.s.a.,9.5546,10.5603
2023-10-11 15:04:09.000,2023-10-11 00:00:00.000,11:56:11.0000000,1 Dollar u.s.a.,9.5589,10.5651
2023-10-10 15:04:21.000,2023-10-10 00:00:00.000,08:30:00.0000000,1 Dollar u.s.a.,9.58,10.5885
2023-10-10 15:04:21.000,2023-10-10 00:00:00.000,11:56:02.0000000,1 Dollar u.s.a.,9.5632,10.5699
2023-10-09 15:05:10.000,2023-10-09 00:00:00.000,08:30:00.0000000,1 Dollar u.s.a.,9.5953,10.6053
2023-10-09 15:05:10.000,2023-10-09 00:00:00.000,11:56:00.0000000,1 Dollar u.s.a.,9.5999,10.6104
2023-10-06 15:14:34.000,2023-10-06 00:00:00.000,08:30:00.0000000,1 Dollar u.s.a.,9.5887,10.5981
2023-10-06 15:14:34.000,2023-10-06 00:00:00.000,11:55:53.0000000,1 Dollar u.s.a.,9.5841,10.593
2023-10-05 15:03:47.000,2023-10-05 00:00:00.000,08:30:00.0000000,1 Dollar u.s.a.,9.6111,10.6228
2023-10-05 15:03:47.000,2023-10-05 00:00:00.000,11:55:48.0000000,1 Dollar u.s.a.,9.6035,10.6143
2023-10-04 15:04:12.000,2023-10-04 00:00:00.000,08:30:00.0000000,1 Dollar u.s.a.,9.6319,10.6458
2023-10-04 15:04:12.000,2023-10-04 00:00:00.000,11:55:58.0000000,1 Dollar u.s.a.,9.6138,10.6258
2023-10-03 15:04:11.000,2023-10-03 00:00:00.000,08:30:00.0000000,1 Dollar u.s.a.,9.6308,10.6446
2023-10-03 15:04:11.000,2023-10-03 00:00:00.000,11:55:57.0000000,1 Dollar u.s.a.,9.6248,10.6379
2023-10-02 15:15:10.000,2023-10-02 00:00:00.000,08:30:00.0000000,1 Dollar u.s.a.,9.5735,10.5813
2023-10-02 15:15:10.000,2023-10-02 00:00:00.000,11:56:00.0000000,1 Dollar u.s.a.,9.5936,10.6035
2023-09-27 15:04:15.000,2023-09-27 00:00:00.000,08:30:00.0000000,1 Dollar u.s.a.,9.5754,10.5834
2023-09-27 15:04:15.000,2023-09-27 00:00:00.000,11:55:39.0000000,1 Dollar u.s.a.,9.5849,10.5939
2023-09-26 15:04:07.000,2023-09-26 00:00:00.000,08:30:00.0000000,1 Dollar u.s.a.,9.5705,10.578
2023-09-26 15:04:07.000,2023-09-26 00:00:00.000,11:56:31.0000000,1 Dollar u.s.a.,9.5638,10.5705
2023-09-25 15:04:57.000,2023-09-25 00:00:00.000,08:30:00.0000000,1 Dollar u.s.a.,9.5368,10.5407
2023-09-25 15:04:57.000,2023-09-25 00:00:00.000,11:55:45.0000000,1 Dollar u.s.a.,9.54,10.5442
2023-09-22 15:04:20.000,2023-09-22 00:00:00.000,08:30:00.0000000,1 Dollar u.s.a.,9.5416,10.546
2023-09-22 15:04:20.000,2023-09-22 00:00:00.000,11:56:09.0000000,1 Dollar u.s.a.,9.5411,10.5454
2023-09-21 15:04:00.000,2023-09-21 00:00:00.000,08:30:00.0000000,1 Dollar u.s.a.,9.5352,10.5389
2023-09-21 15:04:00.000,2023-09-21 00:00:00.000,11:55:59.0000000,1 Dollar u.s.a.,9.5336,10.5371
2023-09-20 15:04:09.000,2023-09-20 00:00:00.000,08:30:00.0000000,1 Dollar u.s.a.,9.5169,10.5187
2023-09-20 15:04:09.000,2023-09-20 00:00:00.000,11:55:57.0000000,1 Dollar u.s.a.,9.5046,10.5051
2023-09-19 15:04:03.000,2023-09-19 00:00:00.000,08:30:00.0000000,1 Dollar u.s.a.,9.5158,10.5175
2023-09-19 15:04:03.000,2023-09-19 00:00:00.000,11:55:45.0000000,1 Dollar u.s.a.,9.5059,10.5066
2023-09-18 15:05:02.000,2023-09-18 00:00:00.000,08:30:00.0000000,1 Dollar u.s.a.,9.5266,10.5294
2023-09-18 15:05:02.000,2023-09-18 00:00:00.000,11:55:28.0000000,1 Dollar u.s.a.,9.5228,10.5252
2023-09-15 15:04:12.000,2023-09-15 00:00:00.000,08:30:00.0000000,1 Dollar u.s.a.,9.5309,10.5341
2023-09-15 15:04:12.000,2023-09-15 00:00:00.000,11:56:49.0000000,1 Dollar u.s.a.,9.5298,10.5329
2023-09-14 15:04:35.000,2023-09-14 00:00:00.000,08:30:00.0000000,1 Dollar u.s.a.,9.4873,10.4859
2023-09-14 15:04:35.000,2023-09-14 00:00:00.000,11:57:30.0000000,1 Dollar u.s.a.,9.487,10.4856
2023-09-13 15:02:43.000,2023-09-13 00:00:00.000,08:30:00.0000000,1 Dollar u.s.a.,9.4825,10.4806
2023-09-13 15:02:43.000,2023-09-13 00:00:00.000,11:56:35.0000000,1 Dollar u.s.a.,9.4878,10.4865
2023-09-12 15:04:10.000,2023-09-12 00:00:00.000,08:30:00.0000000,1 Dollar u.s.a.,9.495,10.4945
2023-09-12 15:04:10.000,2023-09-12 00:00:00.000,11:55:49.0000000,1 Dollar u.s.a.,9.5001,10.5001
2023-09-11 15:05:05.000,2023-09-11 00:00:00.000,08:30:00.0000000,1 Dollar u.s.a.,9.4913,10.4903
2023-09-11 15:05:05.000,2023-09-11 00:00:00.000,11:55:57.0000000,1 Dollar u.s.a.,9.4894,10.4883
2023-09-08 15:04:15.000,2023-09-08 00:00:00.000,08:30:00.0000000,1 Dollar u.s.a.,9.5014,10.5015
2023-09-08 15:04:15.000,2023-09-08 00:00:00.000,11:56:17.0000000,1 Dollar u.s.a.,9.5059,10.5066
2023-09-07 15:04:04.000,2023-09-07 00:00:00.000,08:30:00.0000000,1 Dollar u.s.a.,9.5001,10.5001
2023-09-07 15:04:04.000,2023-09-07 00:00:00.000,11:56:32.0000000,1 Dollar u.s.a.,9.503,10.5033
2023-09-06 15:04:13.000,2023-09-06 00:00:00.000,08:30:00.0000000,1 Dollar u.s.a.,9.4873,10.4859
2023-09-06 15:04:13.000,2023-09-06 00:00:00.000,11:55:00.0000000,1 Dollar u.s.a.,9.4854,10.4839
2023-09-05 15:04:12.000,2023-09-05 00:00:00.000,08:30:00.0000000,1 Dollar u.s.a.,9.4748,10.4721
2023-09-05 15:04:12.000,2023-09-05 00:00:00.000,11:57:53.0000000,1 Dollar u.s.a.,9.4835,10.4818
2023-09-04 15:04:58.000,2023-09-04 00:00:00.000,08:30:00.0000000,1 Dollar u.s.a.,9.4509,10.4457
2023-09-04 15:04:58.000,2023-09-04 00:00:00.000,11:57:39.0000000,1 Dollar u.s.a.,9.4522,10.4472
2023-09-01 15:04:10.000,2023-09-01 00:00:00.000,08:30:00.0000000,1 Dollar u.s.a.,9.4253,10.4175
2023-09-01 15:04:10.000,2023-09-01 00:00:00.000,11:56:30.0000000,1 Dollar u.s.a.,9.4293,10.4218
2023-08-31 15:03:55.000,2023-08-31 00:00:00.000,08:30:00.0000000,1 Dollar u.s.a.,9.3994,10.3888
2023-08-31 15:03:55.000,2023-08-31 00:00:00.000,11:56:25.0000000,1 Dollar u.s.a.,9.4146,10.4056
2023-08-30 15:10:49.000,2023-08-30 00:00:00.000,08:30:00.0000000,1 Dollar u.s.a.,9.4198,10.4114
2023-08-30 15:10:49.000,2023-08-30 00:00:00.000,11:56:06.0000000,1 Dollar u.s.a.,9.4075,10.3978
2023-08-29 15:04:18.000,2023-08-29 00:00:00.000,08:30:00.0000000,1 Dollar u.s.a.,9.4403,10.4341
2023-08-29 15:04:18.000,2023-08-29 00:00:00.000,11:56:36.0000000,1 Dollar u.s.a.,9.4493,10.444
2023-08-28 15:04:48.000,2023-08-28 00:00:00.000,08:30:00.0000000,1 Dollar u.s.a.,9.4438,10.4379
2023-08-28 15:04:48.000,2023-08-28 00:00:00.000,11:55:45.0000000,1 Dollar u.s.a.,9.4451,10.4393
2023-08-25 15:04:06.000,2023-08-25 00:00:00.000,08:30:00.0000000,1 Dollar u.s.a.,9.4604,10.4563
2023-08-25 15:04:06.000,2023-08-25 00:00:00.000,11:57:41.0000000,1 Dollar u.s.a.,9.4525,10.4475
2023-08-24 15:04:02.000,2023-08-24 00:00:00.000,08:30:00.0000000,1 Dollar u.s.a.,9.4235,10.4154
2023-08-24 15:04:02.000,2023-08-24 00:00:00.000,11:55:38.0000000,1 Dollar u.s.a.,9.424,10.416
2023-08-23 15:04:09.000,2023-08-23 00:00:00.000,08:30:00.0000000,1 Dollar u.s.a.,9.4454,10.4396
2023-08-23 15:04:09.000,2023-08-23 00:00:00.000,11:55:43.0000000,1 Dollar u.s.a.,9.4493,10.444
2023-08-22 15:05:14.000,2023-08-22 00:00:00.000,08:30:00.0000000,1 Dollar u.s.a.,9.3874,10.3755
2023-08-22 15:05:14.000,2023-08-22 00:00:00.000,11:56:55.0000000,1 Dollar u.s.a.,9.4072,10.3975
2023-08-18 15:04:37.000,2023-08-18 00:00:00.000,08:30:00.0000000,1 Dollar u.s.a.,9.4151,10.4062
2023-08-18 15:04:37.000,2023-08-18 00:00:00.000,11:55:34.0000000,1 Dollar u.s.a.,9.4182,10.4096
2023-08-18 15:04:22.000,2023-08-17 00:00:00.000,08:30:00.0000000,1 Dollar u.s.a.,9.4109,10.4015
2023-08-18 15:04:22.000,2023-08-17 00:00:00.000,11:57:25.0000000,1 Dollar u.s.a.,9.4088,10.3992
2023-08-16 15:03:56.000,2023-08-16 00:00:00.000,08:30:00.0000000,1 Dollar u.s.a.,9.39,10.3784
2023-08-16 15:03:56.000,2023-08-16 00:00:00.000,11:58:48.0000000,1 Dollar u.s.a.,9.391,10.3796
2023-08-15 15:05:26.000,2023-08-15 00:00:00.000,08:30:00.0000000,1 Dollar u.s.a.,9.3895,10.3778
2023-08-15 15:05:26.000,2023-08-15 00:00:00.000,11:55:12.0000000,1 Dollar u.s.a.,9.3816,10.3692
2023-08-11 15:03:56.000,2023-08-11 00:00:00.000,08:30:00.0000000,1 Dollar u.s.a.,9.3515,10.3359
2023-08-11 15:03:56.000,2023-08-11 00:00:00.000,11:54:59.0000000,1 Dollar u.s.a.,9.352,10.3365
2023-08-10 15:04:07.000,2023-08-10 00:00:00.000,08:30:00.0000000,1 Dollar u.s.a.,9.3427,10.3262
2023-08-10 15:04:07.000,2023-08-10 00:00:00.000,11:54:00.0000000,1 Dollar u.s.a.,9.335,10.3176
2023-08-09 15:04:01.000,2023-08-09 00:00:00.000,08:30:00.0000000,1 Dollar u.s.a.,9.3629,10.3485
2023-08-09 15:04:01.000,2023-08-09 00:00:00.000,11:55:32.0000000,1 Dollar u.s.a.,9.3619,10.3474
2023-08-08 15:05:11.000,2023-08-08 00:00:00.000,08:30:00.0000000,1 Dollar u.s.a.,9.358,10.3431
2023-08-08 15:05:11.000,2023-08-08 00:00:00.000,11:55:17.0000000,1 Dollar u.s.a.,9.3715,10.358
2023-08-07 15:05:55.000,2023-08-07 00:00:00.000,08:30:00.0000000,1 Dollar u.s.a.,9.3552,10.3399
2023-08-07 15:05:55.000,2023-08-07 00:00:00.000,11:57:01.0000000,1 Dollar u.s.a.,9.3634,10.3491
2023-08-04 15:04:10.000,2023-08-04 00:00:00.000,08:30:00.0000000,1 Dollar u.s.a.,9.3754,10.3623
2023-08-04 15:04:10.000,2023-08-04 00:00:00.000,11:55:39.0000000,1 Dollar u.s.a.,9.3796,10.3669
2023-08-03 15:04:35.000,2023-08-03 00:00:00.000,08:30:00.0000000,1 Dollar u.s.a.,9.3915,10.3801
2023-08-03 15:04:35.000,2023-08-03 00:00:00.000,11:55:27.0000000,1 Dollar u.s.a.,9.384,10.3718
2023-08-02 15:04:07.000,2023-08-02 00:00:00.000,08:30:00.0000000,1 Dollar u.s.a.,9.351,10.3353
2023-08-02 15:04:07.000,2023-08-02 00:00:00.000,11:55:44.0000000,1 Dollar u.s.a.,9.3598,10.3451
2023-08-01 15:04:08.000,2023-08-01 00:00:00.000,08:30:00.0000000,1 Dollar u.s.a.,9.3609,10.3462
2023-08-01 15:04:08.000,2023-08-01 00:00:00.000,11:55:25.0000000,1 Dollar u.s.a.,9.3596,10.3448
2023-07-31 15:04:43.000,2023-07-31 00:00:00.000,08:30:00.0000000,1 Dollar u.s.a.,9.336,10.3188
2023-07-31 15:04:43.000,2023-07-31 00:00:00.000,11:55:21.0000000,1 Dollar u.s.a.,9.3304,10.3125
2023-07-28 15:04:14.000,2023-07-28 00:00:00.000,08:30:00.0000000,1 Dollar u.s.a.,9.3718,10.3583
2023-07-28 15:04:14.000,2023-07-28 00:00:00.000,11:55:23.0000000,1 Dollar u.s.a.,9.3523,10.3368
2023-07-27 15:04:04.000,2023-07-27 00:00:00.000,08:30:00.0000000,1 Dollar u.s.a.,9.2888,10.2666
2023-07-27 15:04:04.000,2023-07-27 00:00:00.000,11:55:24.0000000,1 Dollar u.s.a.,9.2768,10.2533
2023-07-26 15:04:09.000,2023-07-26 00:00:00.000,08:30:00.0000000,1 Dollar u.s.a.,9.3175,10.2983
2023-07-26 15:04:09.000,2023-07-26 00:00:00.000,11:54:58.0000000,1 Dollar u.s.a.,9.3047,10.2841
2023-07-25 15:04:09.000,2023-07-25 00:00:00.000,08:30:00.0000000,1 Dollar u.s.a.,9.3093,10.2892
2023-07-25 15:04:09.000,2023-07-25 00:00:00.000,11:55:54.0000000,1 Dollar u.s.a.,9.3252,10.3068
2023-07-24 15:04:55.000,2023-07-24 00:00:00.000,08:30:00.0000000,1 Dollar u.s.a.,9.299,10.2779
2023-07-21 15:04:09.000,2023-07-21 00:00:00.000,08:30:00.0000000,1 Dollar u.s.a.,9.2791,10.2559
2023-07-21 15:04:09.000,2023-07-21 00:00:00.000,11:58:53.0000000,1 Dollar u.s.a.,9.284,10.2612
2023-07-20 15:04:27.000,2023-07-20 00:00:00.000,08:30:00.0000000,1 Dollar u.s.a.,9.2373,10.2096
2023-07-20 15:04:27.000,2023-07-20 00:00:00.000,11:55:01.0000000,1 Dollar u.s.a.,9.2451,10.2183
2023-07-18 15:04:16.000,2023-07-18 00:00:00.000,08:30:00.0000000,1 Dollar u.s.a.,9.2108,10.1804
2023-07-17 15:05:02.000,2023-07-17 00:00:00.000,08:30:00.0000000,1 Dollar u.s.a.,9.2264,10.1976
2023-07-17 15:05:02.000,2023-07-17 00:00:00.000,11:55:15.0000000,1 Dollar u.s.a.,9.23,10.2015
2023-07-14 15:04:04.000,2023-07-14 00:00:00.000,08:30:00.0000000,1 Dollar u.s.a.,9.2426,10.2155
2023-07-14 15:04:04.000,2023-07-14 00:00:00.000,11:55:55.0000000,1 Dollar u.s.a.,9.2375,10.2099
2023-07-13 15:04:15.000,2023-07-13 00:00:00.000,08:30:00.0000000,1 Dollar u.s.a.,9.2756,10.2519
2023-07-13 15:04:15.000,2023-07-13 00:00:00.000,11:55:22.0000000,1 Dollar u.s.a.,9.2628,10.2379
2023-07-12 15:04:49.000,2023-07-12 00:00:00.000,08:30:00.0000000,1 Dollar u.s.a.,9.3345,10.3171
2023-07-12 15:04:49.000,2023-07-12 00:00:00.000,11:55:22.0000000,1 Dollar u.s.a.,9.3373,10.3202
2023-07-11 15:04:08.000,2023-07-11 00:00:00.000,08:30:00.0000000,1 Dollar u.s.a.,9.3417,10.325
2023-07-11 15:04:08.000,2023-07-11 00:00:00.000,11:55:10.0000000,1 Dollar u.s.a.,9.3464,10.3302
2023-07-10 15:05:01.000,2023-07-10 00:00:00.000,08:30:00.0000000,1 Dollar u.s.a.,9.3744,10.3611
2023-07-10 15:05:01.000,2023-07-10 00:00:00.000,11:55:39.0000000,1 Dollar u.s.a.,9.3705,10.3568
2023-07-07 15:03:58.000,2023-07-07 00:00:00.000,08:30:00.0000000,1 Dollar u.s.a.,9.4083,10.3986
2023-07-07 15:03:58.000,2023-07-07 00:00:00.000,11:55:45.0000000,1 Dollar u.s.a.,9.4041,10.394
2023-07-06 15:04:28.000,2023-07-06 00:00:00.000,08:30:00.0000000,1 Dollar u.s.a.,9.4182,10.4096
2023-07-06 15:04:28.000,2023-07-06 00:00:00.000,11:55:05.0000000,1 Dollar u.s.a.,9.4067,10.3969
2023-07-05 15:02:43.000,2023-07-05 00:00:00.000,08:30:00.0000000,1 Dollar u.s.a.,9.4025,10.3923
2023-07-05 15:02:43.000,2023-07-05 00:00:00.000,11:56:12.0000000,1 Dollar u.s.a.,9.412,10.4027
2023-07-04 15:02:34.000,2023-07-04 00:00:00.000,08:30:00.0000000,1 Dollar u.s.a.,9.3973,10.3865
2023-07-04 15:02:34.000,2023-07-04 00:00:00.000,11:54:56.0000000,1 Dollar u.s.a.,9.401,10.3905
2023-07-03 17:41:49.000,2023-07-03 00:00:00.000,08:30:00.0000000,1 Dollar u.s.a.,9.4099,10.4004
2023-07-03 17:41:49.000,2023-07-03 00:00:00.000,11:55:14.0000000,1 Dollar u.s.a.,9.4057,10.3957
2023-06-28 15:04:09.000,2023-06-28 00:00:00.000,08:30:00.0000000,1 Dollar u.s.a.,9.3741,10.3608
2023-06-28 15:04:09.000,2023-06-28 00:00:00.000,11:57:47.0000000,1 Dollar u.s.a.,9.3715,10.358
2023-06-27 15:03:53.000,2023-06-27 00:00:00.000,08:30:00.0000000,1 Dollar u.s.a.,9.3816,10.3692
2023-06-27 15:03:53.000,2023-06-27 00:00:00.000,11:55:07.0000000,1 Dollar u.s.a.,9.3749,10.3617
2023-06-26 15:04:46.000,2023-06-26 00:00:00.000,08:30:00.0000000,1 Dollar u.s.a.,9.4015,10.3911
2023-06-26 15:04:46.000,2023-06-26 00:00:00.000,11:54:56.0000000,1 Dollar u.s.a.,9.3978,10.3871
2023-06-23 15:03:51.000,2023-06-23 00:00:00.000,08:30:00.0000000,1 Dollar u.s.a.,9.4224,10.4143
2023-06-23 15:03:51.000,2023-06-23 00:00:00.000,11:55:02.0000000,1 Dollar u.s.a.,9.4156,10.4067
2023-06-22 15:03:54.000,2023-06-22 00:00:00.000,08:30:00.0000000,1 Dollar u.s.a.,9.3557,10.3405
2023-06-22 15:03:54.000,2023-06-22 00:00:00.000,11:56:42.0000000,1 Dollar u.s.a.,9.3453,10.329
2023-06-21 15:03:51.000,2023-06-21 00:00:00.000,08:30:00.0000000,1 Dollar u.s.a.,9.391,10.3796
2023-06-21 15:03:51.000,2023-06-21 00:00:00.000,11:55:51.0000000,1 Dollar u.s.a.,9.3915,10.3801
2023-06-20 15:04:01.000,2023-06-20 00:00:00.000,08:30:00.0000000,1 Dollar u.s.a.,9.3777,10.3649
2023-06-20 15:04:01.000,2023-06-20 00:00:00.000,11:55:05.0000000,1 Dollar u.s.a.,9.3848,10.3726
2023-06-19 15:04:57.000,2023-06-19 00:00:00.000,08:30:00.0000000,1 Dollar u.s.a.,9.3827,10.3703
2023-06-19 15:04:57.000,2023-06-19 00:00:00.000,11:54:59.0000000,1 Dollar u.s.a.,9.3923,10.381
2023-06-16 13:27:52.000,2023-06-16 00:00:00.000,08:30:00.0000000,1 Dollar u.s.a.,9.3767,10.3637
2023-06-16 13:27:52.000,2023-06-16 00:00:00.000,11:54:51.0000000,1 Dollar u.s.a.,9.3759,10.3629
2023-06-16 13:27:38.000,2023-06-15 00:00:00.000,08:30:00.0000000,1 Dollar u.s.a.,9.4464,10.4408
2023-06-16 13:27:38.000,2023-06-15 00:00:00.000,11:55:52.0000000,1 Dollar u.s.a.,9.4319,10.4247
2023-06-14 15:04:04.000,2023-06-14 00:00:00.000,08:30:00.0000000,1 Dollar u.s.a.,9.4557,10.451
2023-06-14 15:04:04.000,2023-06-14 00:00:00.000,11:54:57.0000000,1 Dollar u.s.a.,9.4496,10.4443
2023-06-13 15:04:06.000,2023-06-13 00:00:00.000,08:30:00.0000000,1 Dollar u.s.a.,9.4541,10.4492
2023-06-13 15:04:06.000,2023-06-13 00:00:00.000,11:55:31.0000000,1 Dollar u.s.a.,9.4546,10.4498
2023-06-12 15:04:50.000,2023-06-12 00:00:00.000,08:30:00.0000000,1 Dollar u.s.a.,9.4785,10.4762
2023-06-12 15:04:50.000,2023-06-12 00:00:00.000,11:54:49.0000000,1 Dollar u.s.a.,9.4679,10.4645
2023-06-09 15:04:08.000,2023-06-09 00:00:00.000,08:30:00.0000000,1 Dollar u.s.a.,9.4673,10.4639
2023-06-09 15:04:08.000,2023-06-09 00:00:00.000,11:54:54.0000000,1 Dollar u.s.a.,9.4737,10.4709
2023-06-08 15:04:03.000,2023-06-08 00:00:00.000,08:30:00.0000000,1 Dollar u.s.a.,9.5057,10.5063
2023-06-08 15:04:03.000,2023-06-08 00:00:00.000,11:54:40.0000000,1 Dollar u.s.a.,9.4913,10.4903
2023-06-07 15:04:14.000,2023-06-07 00:00:00.000,08:30:00.0000000,1 Dollar u.s.a.,9.5183,10.5202
2023-06-07 15:04:14.000,2023-06-07 00:00:00.000,11:55:07.0000000,1 Dollar u.s.a.,9.4971,10.4968
2023-06-06 15:03:57.000,2023-06-06 00:00:00.000,08:30:00.0000000,1 Dollar u.s.a.,9.4987,10.4986
2023-06-06 15:03:57.000,2023-06-06 00:00:00.000,11:54:19.0000000,1 Dollar u.s.a.,9.5089,10.5098
2023-06-05 15:04:48.000,2023-06-05 00:00:00.000,08:30:00.0000000,1 Dollar u.s.a.,9.511,10.5122
2023-06-05 15:04:48.000,2023-06-05 00:00:00.000,11:54:35.0000000,1 Dollar u.s.a.,9.5094,10.5104
2023-06-03 15:04:02.000,2023-06-02 00:00:00.000,08:30:00.0000000,1 Dollar u.s.a.,9.4713,10.4683
2023-06-03 15:04:03.000,2023-06-02 00:00:00.000,11:54:45.0000000,1 Dollar u.s.a.,9.4694,10.4662
2023-06-01 15:04:00.000,2023-06-01 00:00:00.000,08:30:00.0000000,1 Dollar u.s.a.,9.5201,10.5222
2023-06-01 15:04:00.000,2023-06-01 00:00:00.000,11:55:13.0000000,1 Dollar u.s.a.,9.5014,10.5015
2023-05-31 15:04:07.000,2023-05-31 00:00:00.000,08:30:00.0000000,1 Dollar u.s.a.,9.5191,10.5211
2023-05-31 15:04:07.000,2023-05-31 00:00:00.000,11:54:47.0000000,1 Dollar u.s.a.,9.5199,10.522
2023-05-30 15:04:07.000,2023-05-30 00:00:00.000,08:30:00.0000000,1 Dollar u.s.a.,9.5153,10.5169
2023-05-30 15:04:07.000,2023-05-30 00:00:00.000,11:54:44.0000000,1 Dollar u.s.a.,9.4897,10.4886
2023-05-29 15:04:48.000,2023-05-29 00:00:00.000,08:30:00.0000000,1 Dollar u.s.a.,9.4907,10.4897
2023-05-29 15:04:48.000,2023-05-29 00:00:00.000,12:53:34.0000000,1 Dollar u.s.a.,9.5001,10.5001
2023-05-26 15:03:59.000,2023-05-26 00:00:00.000,08:30:00.0000000,1 Dollar u.s.a.,9.4875,10.4862
2023-05-26 15:03:59.000,2023-05-26 00:00:00.000,11:54:53.0000000,1 Dollar u.s.a.,9.4822,10.4803
2023-05-25 15:05:22.000,2023-05-25 00:00:00.000,08:30:00.0000000,1 Dollar u.s.a.,9.4955,10.495
2023-05-25 15:05:22.000,2023-05-25 00:00:00.000,11:54:46.0000000,1 Dollar u.s.a.,9.4945,10.4939
2023-05-25 15:05:04.000,2023-05-24 00:00:00.000,08:30:00.0000000,1 Dollar u.s.a.,9.4615,10.4574
2023-05-25 15:05:04.000,2023-05-24 00:00:00.000,11:54:45.0000000,1 Dollar u.s.a.,9.4774,10.475
2023-05-23 15:04:15.000,2023-05-23 00:00:00.000,08:30:00.0000000,1 Dollar u.s.a.,9.4567,10.4522
2023-05-23 15:04:15.000,2023-05-23 00:00:00.000,11:54:59.0000000,1 Dollar u.s.a.,9.4652,10.4615
2023-05-22 15:05:08.000,2023-05-22 00:00:00.000,08:30:00.0000000,1 Dollar u.s.a.,9.4546,10.4498
2023-05-22 15:05:08.000,2023-05-22 00:00:00.000,11:55:08.0000000,1 Dollar u.s.a.,9.4406,10.4344
2023-05-20 15:04:00.000,2023-05-19 00:00:00.000,08:30:00.0000000,1 Dollar u.s.a.,9.4663,10.4627
2023-05-20 15:04:00.000,2023-05-19 00:00:00.000,11:54:26.0000000,1 Dollar u.s.a.,9.4573,10.4528
2023-05-18 15:03:56.000,2023-05-18 00:00:00.000,08:30:00.0000000,1 Dollar u.s.a.,9.4419,10.4358
2023-05-18 15:03:56.000,2023-05-18 00:00:00.000,11:54:37.0000000,1 Dollar u.s.a.,9.4448,10.439
2023-05-17 15:03:55.000,2023-05-17 00:00:00.000,08:30:00.0000000,1 Dollar u.s.a.,9.4309,10.4236
2023-05-17 15:03:55.000,2023-05-17 00:00:00.000,11:54:40.0000000,1 Dollar u.s.a.,9.4382,10.4317
2023-05-16 15:03:55.000,2023-05-16 00:00:00.000,08:30:00.0000000,1 Dollar u.s.a.,9.4091,10.3995
2023-05-16 15:03:55.000,2023-05-16 00:00:00.000,11:54:33.0000000,1 Dollar u.s.a.,9.4033,10.3931
2023-05-15 15:04:42.000,2023-05-15 00:00:00.000,08:30:00.0000000,1 Dollar u.s.a.,9.413,10.4038
2023-05-15 15:04:42.000,2023-05-15 00:00:00.000,11:54:29.0000000,1 Dollar u.s.a.,9.4138,10.4047
2023-05-12 15:04:09.000,2023-05-12 00:00:00.000,08:30:00.0000000,1 Dollar u.s.a.,9.3858,10.3738
2023-05-12 15:04:09.000,2023-05-12 00:00:00.000,11:54:13.0000000,1 Dollar u.s.a.,9.397,10.3862
2023-05-11 15:03:55.000,2023-05-11 00:00:00.000,08:30:00.0000000,1 Dollar u.s.a.,9.3848,10.3726
2023-05-11 15:03:55.000,2023-05-11 00:00:00.000,11:54:22.0000000,1 Dollar u.s.a.,9.3895,10.3778
2023-05-10 15:04:01.000,2023-05-10 00:00:00.000,08:30:00.0000000,1 Dollar u.s.a.,9.3588,10.3439
2023-05-10 15:04:01.000,2023-05-10 00:00:00.000,11:54:46.0000000,1 Dollar u.s.a.,9.3733,10.36
2023-05-09 15:03:51.000,2023-05-09 00:00:00.000,08:30:00.0000000,1 Dollar u.s.a.,9.3575,10.3425
2023-05-09 15:03:51.000,2023-05-09 00:00:00.000,11:54:08.0000000,1 Dollar u.s.a.,9.3593,10.3445
2023-05-08 15:04:55.000,2023-05-08 00:00:00.000,08:30:00.0000000,1 Dollar u.s.a.,9.3262,10.3079
2023-05-08 15:04:55.000,2023-05-08 00:00:00.000,11:58:45.0000000,1 Dollar u.s.a.,9.3247,10.3062
2023-05-05 15:04:14.000,2023-05-05 00:00:00.000,08:30:00.0000000,1 Dollar u.s.a.,9.3293,10.3114
2023-05-05 15:04:14.000,2023-05-05 00:00:00.000,11:54:10.0000000,1 Dollar u.s.a.,9.3365,10.3193
2023-05-04 15:04:06.000,2023-05-04 00:00:00.000,08:30:00.0000000,1 Dollar u.s.a.,9.3144,10.2949
2023-05-03 15:03:58.000,2023-05-03 00:00:00.000,08:30:00.0000000,1 Dollar u.s.a.,9.3314,10.3136
2023-05-03 15:03:58.000,2023-05-03 00:00:00.000,11:54:41.0000000,1 Dollar u.s.a.,9.3329,10.3153
2023-05-02 15:05:26.000,2023-05-02 00:00:00.000,08:30:00.0000000,1 Dollar u.s.a.,9.3526,10.337
2023-05-02 15:05:26.000,2023-05-02 00:00:00.000,11:54:19.0000000,1 Dollar u.s.a.,9.3705,10.3568
2023-04-28 15:03:42.000,2023-04-28 00:00:00.000,08:30:00.0000000,1 Dollar u.s.a.,9.3464,10.3302
2023-04-28 15:03:42.000,2023-04-28 00:00:00.000,11:54:11.0000000,1 Dollar u.s.a.,9.3546,10.3393
2023-04-27 15:03:53.000,2023-04-27 00:00:00.000,08:30:00.0000000,1 Dollar u.s.a.,9.3234,10.3048
2023-04-27 15:03:53.000,2023-04-27 00:00:00.000,11:54:14.0000000,1 Dollar u.s.a.,9.3268,10.3085
2023-04-26 15:03:54.000,2023-04-26 00:00:00.000,08:30:00.0000000,1 Dollar u.s.a.,9.3386,10.3216
2023-04-26 15:03:54.000,2023-04-26 00:00:00.000,11:54:13.0000000,1 Dollar u.s.a.,9.3195,10.3006
2023-04-25 15:05:06.000,2023-04-25 00:00:00.000,08:30:00.0000000,1 Dollar u.s.a.,9.3334,10.3159
2023-04-25 15:05:06.000,2023-04-25 00:00:00.000,11:54:19.0000000,1 Dollar u.s.a.,9.3363,10.3191
2023-04-21 15:04:06.000,2023-04-21 00:00:00.000,08:30:00.0000000,1 Dollar u.s.a.,9.3697,10.356
2023-04-21 15:04:06.000,2023-04-21 00:00:00.000,12:00:28.0000000,1 Dollar u.s.a.,9.3588,10.3439
2023-04-20 15:04:27.000,2023-04-20 00:00:00.000,08:30:00.0000000,1 Dollar u.s.a.,9.3634,10.3491
2023-04-20 15:04:27.000,2023-04-20 00:00:00.000,11:55:02.0000000,1 Dollar u.s.a.,9.3692,10.3554
2023-04-21 15:03:39.000,2023-04-19 00:00:00.000,08:30:00.0000000,1 Dollar u.s.a.,9.3723,10.3588
2023-04-21 15:03:39.000,2023-04-19 00:00:00.000,11:54:09.0000000,1 Dollar u.s.a.,9.3874,10.3755
2023-04-21 15:03:25.000,2023-04-18 00:00:00.000,11:53:55.0000000,1 Dollar u.s.a.,9.3642,10.3499
2023-04-21 15:03:25.000,2023-04-18 00:00:00.000,08:30:00.0000000,1 Dollar u.s.a.,9.3619,10.3474
2023-04-17 15:04:47.000,2023-04-17 00:00:00.000,08:30:00.0000000,1 Dollar u.s.a.,9.3634,10.3491
2023-04-14 15:03:57.000,2023-04-14 00:00:00.000,08:30:00.0000000,1 Dollar u.s.a.,9.3183,10.2991
2023-04-14 15:03:57.000,2023-04-14 00:00:00.000,11:54:19.0000000,1 Dollar u.s.a.,9.3206,10.3017
2023-04-13 15:03:59.000,2023-04-13 00:00:00.000,08:30:00.0000000,1 Dollar u.s.a.,9.3427,10.3262
2023-04-13 15:03:59.000,2023-04-13 00:00:00.000,11:54:39.0000000,1 Dollar u.s.a.,9.3417,10.325
2023-04-12 15:03:57.000,2023-04-12 00:00:00.000,08:30:00.0000000,1 Dollar u.s.a.,9.3889,10.3772
2023-04-12 15:03:57.000,2023-04-12 00:00:00.000,11:55:03.0000000,1 Dollar u.s.a.,9.3895,10.3778
2023-04-11 15:03:52.000,2023-04-11 00:00:00.000,08:30:00.0000000,1 Dollar u.s.a.,9.3962,10.3853
2023-04-11 15:03:52.000,2023-04-11 00:00:00.000,11:58:59.0000000,1 Dollar u.s.a.,9.3978,10.3871
2023-04-10 15:04:35.000,2023-04-10 00:00:00.000,08:30:00.0000000,1 Dollar u.s.a.,9.3957,10.3848
2023-04-10 15:04:35.000,2023-04-10 00:00:00.000,11:54:16.0000000,1 Dollar u.s.a.,9.4025,10.3923
2023-04-07 15:04:02.000,2023-04-07 00:00:00.000,08:30:00.0000000,1 Dollar u.s.a.,9.3942,10.383
2023-04-07 15:04:02.000,2023-04-07 00:00:00.000,11:54:59.0000000,1 Dollar u.s.a.,9.3926,10.3813
2023-04-06 15:03:54.000,2023-04-06 00:00:00.000,08:30:00.0000000,1 Dollar u.s.a.,9.4015,10.3911
2023-04-06 15:03:54.000,2023-04-06 00:00:00.000,11:57:02.0000000,1 Dollar u.s.a.,9.3931,10.3819
2023-04-05 15:04:24.000,2023-04-05 00:00:00.000,08:30:00.0000000,1 Dollar u.s.a.,9.3741,10.3608
2023-04-05 15:04:24.000,2023-04-05 00:00:00.000,11:54:10.0000000,1 Dollar u.s.a.,9.3796,10.3669
2023-04-04 15:03:52.000,2023-04-04 00:00:00.000,08:30:00.0000000,1 Dollar u.s.a.,9.3915,10.3801
2023-04-04 15:03:52.000,2023-04-04 00:00:00.000,11:54:06.0000000,1 Dollar u.s.a.,9.3978,10.3871
2023-04-03 15:04:37.000,2023-04-03 00:00:00.000,08:30:00.0000000,1 Dollar u.s.a.,9.4298,10.4224
2023-04-03 15:04:37.000,2023-04-03 00:00:00.000,11:54:17.0000000,1 Dollar u.s.a.,9.414,10.405
2023-03-31 15:03:59.000,2023-03-31 00:00:00.000,08:30:00.0000000,1 Dollar u.s.a.,9.4088,10.3992
2023-03-31 15:03:59.000,2023-03-31 00:00:00.000,11:54:03.0000000,1 Dollar u.s.a.,9.4159,10.407
2023-03-30 15:02:35.000,2023-03-30 00:00:00.000,08:30:00.0000000,1 Dollar u.s.a.,9.4146,10.4056
2023-03-30 15:02:35.000,2023-03-30 00:00:00.000,11:53:59.0000000,1 Dollar u.s.a.,9.413,10.4038
2023-03-29 15:04:01.000,2023-03-29 00:00:00.000,08:30:00.0000000,1 Dollar u.s.a.,9.4351,10.4282
2023-03-29 15:04:01.000,2023-03-29 00:00:00.000,11:54:13.0000000,1 Dollar u.s.a.,9.4198,10.4114
2023-03-28 15:03:52.000,2023-03-28 00:00:00.000,08:30:00.0000000,1 Dollar u.s.a.,9.4456,10.4399
2023-03-28 15:03:52.000,2023-03-28 00:00:00.000,11:54:09.0000000,1 Dollar u.s.a.,9.4367,10.43
2023-03-27 15:04:47.000,2023-03-27 00:00:00.000,08:30:00.0000000,1 Dollar u.s.a.,9.4713,10.4683
2023-03-27 15:04:47.000,2023-03-27 00:00:00.000,11:54:00.0000000,1 Dollar u.s.a.,9.4663,10.4627
2023-03-24 15:04:03.000,2023-03-24 00:00:00.000,08:30:00.0000000,1 Dollar u.s.a.,9.461,10.4569
2023-03-24 15:04:03.000,2023-03-24 00:00:00.000,11:55:19.0000000,1 Dollar u.s.a.,9.4865,10.485
2023-03-23 15:05:16.000,2023-03-23 00:00:00.000,08:30:00.0000000,1 Dollar u.s.a.,9.4075,10.3978
2023-03-23 15:05:16.000,2023-03-23 00:00:00.000,11:54:03.0000000,1 Dollar u.s.a.,9.4146,10.4056
2023-03-22 15:04:23.000,2023-03-22 00:00:00.000,08:30:00.0000000,1 Dollar u.s.a.,9.4657,10.4621
2023-03-22 15:04:23.000,2023-03-22 00:00:00.000,11:54:20.0000000,1 Dollar u.s.a.,9.4546,10.4498
2023-03-21 15:04:04.000,2023-03-21 00:00:00.000,08:30:00.0000000,1 Dollar u.s.a.,9.4891,10.488
2023-03-21 15:04:04.000,2023-03-21 00:00:00.000,11:54:08.0000000,1 Dollar u.s.a.,9.4625,10.4586
2023-03-20 15:04:48.000,2023-03-20 00:00:00.000,08:30:00.0000000,1 Dollar u.s.a.,9.5419,10.5463
2023-03-20 15:04:48.000,2023-03-20 00:00:00.000,11:54:04.0000000,1 Dollar u.s.a.,9.5075,10.5083
2023-03-17 15:03:59.000,2023-03-17 00:00:00.000,08:30:00.0000000,1 Dollar u.s.a.,9.5244,10.527
2023-03-17 15:03:59.000,2023-03-17 00:00:00.000,11:54:11.0000000,1 Dollar u.s.a.,9.5419,10.5463
2023-03-16 15:03:55.000,2023-03-16 00:00:00.000,08:30:00.0000000,1 Dollar u.s.a.,9.5562,10.5621
2023-03-16 15:03:55.000,2023-03-16 00:00:00.000,11:54:17.0000000,1 Dollar u.s.a.,9.5573,10.5633
2023-03-15 15:04:12.000,2023-03-15 00:00:00.000,08:30:00.0000000,1 Dollar u.s.a.,9.4865,10.485
2023-03-15 15:04:12.000,2023-03-15 00:00:00.000,11:54:20.0000000,1 Dollar u.s.a.,9.5486,10.5538
2023-03-14 15:03:51.000,2023-03-14 00:00:00.000,08:30:00.0000000,1 Dollar u.s.a.,9.5153,10.5169
2023-03-14 15:03:51.000,2023-03-14 00:00:00.000,11:54:53.0000000,1 Dollar u.s.a.,9.4987,10.4986
2023-03-13 15:04:50.000,2023-03-13 00:00:00.000,08:30:00.0000000,1 Dollar u.s.a.,9.4913,10.4903
2023-03-13 15:04:50.000,2023-03-13 00:00:00.000,11:54:29.0000000,1 Dollar u.s.a.,9.5236,10.5261
2023-03-10 15:03:58.000,2023-03-10 00:00:00.000,08:30:00.0000000,1 Dollar u.s.a.,9.5632,10.5699
2023-03-10 15:03:58.000,2023-03-10 00:00:00.000,11:55:57.0000000,1 Dollar u.s.a.,9.5659,10.5729
2023-03-09 15:04:07.000,2023-03-09 00:00:00.000,08:30:00.0000000,1 Dollar u.s.a.,9.5838,10.5927
2023-03-09 15:04:07.000,2023-03-09 00:00:00.000,11:54:29.0000000,1 Dollar u.s.a.,9.5779,10.5861
2023-03-08 15:04:02.000,2023-03-08 00:00:00.000,08:30:00.0000000,1 Dollar u.s.a.,9.5931,10.6029
2023-03-08 15:04:02.000,2023-03-08 00:00:00.000,11:55:43.0000000,1 Dollar u.s.a.,9.5917,10.6014
2023-03-07 15:04:06.000,2023-03-07 00:00:00.000,08:30:00.0000000,1 Dollar u.s.a.,9.5124,10.5137
2023-03-07 15:04:06.000,2023-03-07 00:00:00.000,11:56:03.0000000,1 Dollar u.s.a.,9.5258,10.5285
2023-03-06 15:04:47.000,2023-03-06 00:00:00.000,08:30:00.0000000,1 Dollar u.s.a.,9.5341,10.5377
2023-03-06 15:04:47.000,2023-03-06 00:00:00.000,11:54:06.0000000,1 Dollar u.s.a.,9.5443,10.549
2023-03-03 15:03:59.000,2023-03-03 00:00:00.000,08:30:00.0000000,1 Dollar u.s.a.,9.5519,10.5573
2023-03-03 15:03:59.000,2023-03-03 00:00:00.000,11:54:18.0000000,1 Dollar u.s.a.,9.5516,10.557
2023-03-02 15:03:58.000,2023-03-02 00:00:00.000,08:30:00.0000000,1 Dollar u.s.a.,9.5395,10.5436
2023-03-02 15:03:58.000,2023-03-02 00:00:00.000,11:54:01.0000000,1 Dollar u.s.a.,9.5508,10.5561
2023-03-01 15:04:06.000,2023-03-01 00:00:00.000,08:30:00.0000000,1 Dollar u.s.a.,9.5519,10.5573
2023-03-01 15:04:06.000,2023-03-01 00:00:00.000,11:55:28.0000000,1 Dollar u.s.a.,9.529,10.532
2023-02-28 15:04:03.000,2023-02-28 00:00:00.000,08:30:00.0000000,1 Dollar u.s.a.,9.5638,10.5705
2023-02-28 15:04:03.000,2023-02-28 00:00:00.000,11:53:57.0000000,1 Dollar u.s.a.,9.5546,10.5603
2023-02-27 15:04:45.000,2023-02-27 00:00:00.000,08:30:00.0000000,1 Dollar u.s.a.,9.5882,10.5975
2023-02-27 15:04:45.000,2023-02-27 00:00:00.000,11:53:58.0000000,1 Dollar u.s.a.,9.5806,10.5891
2023-02-24 15:04:06.000,2023-02-24 00:00:00.000,08:30:00.0000000,1 Dollar u.s.a.,9.5649,10.5717
2023-02-24 15:04:06.000,2023-02-24 00:00:00.000,11:54:19.0000000,1 Dollar u.s.a.,9.5657,10.5726
2023-02-23 15:02:35.000,2023-02-23 00:00:00.000,08:30:00.0000000,1 Dollar u.s.a.,9.5538,10.5594
2023-02-23 15:02:35.000,2023-02-23 00:00:00.000,11:54:33.0000000,1 Dollar u.s.a.,9.5613,10.5678
2023-02-22 15:03:53.000,2023-02-22 00:00:00.000,08:30:00.0000000,1 Dollar u.s.a.,9.5293,10.5323
2023-02-22 15:03:53.000,2023-02-22 00:00:00.000,11:53:49.0000000,1 Dollar u.s.a.,9.5438,10.5484
2023-02-21 15:04:29.000,2023-02-21 00:00:00.000,08:30:00.0000000,1 Dollar u.s.a.,9.5276,10.5306
2023-02-21 15:04:29.000,2023-02-21 00:00:00.000,11:54:00.0000000,1 Dollar u.s.a.,9.5311,10.5344
2023-02-20 15:04:41.000,2023-02-20 00:00:00.000,08:30:00.0000000,1 Dollar u.s.a.,9.5073,10.508
2023-02-20 15:04:41.000,2023-02-20 00:00:00.000,11:53:59.0000000,1 Dollar u.s.a.,9.5148,10.5163
2023-02-17 15:03:52.000,2023-02-17 00:00:00.000,08:30:00.0000000,1 Dollar u.s.a.,9.5406,10.5448
2023-02-17 15:03:52.000,2023-02-17 00:00:00.000,11:54:03.0000000,1 Dollar u.s.a.,9.5373,10.5413
2023-02-16 15:04:06.000,2023-02-16 00:00:00.000,08:30:00.0000000,1 Dollar u.s.a.,9.5019,10.5021
2023-02-16 15:04:06.000,2023-02-16 00:00:00.000,11:52:50.0000000,1 Dollar u.s.a.,9.503,10.5033
2023-02-15 15:03:40.000,2023-02-15 00:00:00.000,08:30:00.0000000,1 Dollar u.s.a.,9.5035,10.5039
2023-02-15 15:03:40.000,2023-02-15 00:00:00.000,11:53:08.0000000,1 Dollar u.s.a.,9.4974,10.4971
2023-02-14 15:03:55.000,2023-02-14 00:00:00.000,08:30:00.0000000,1 Dollar u.s.a.,9.4875,10.4862
2023-02-14 15:03:55.000,2023-02-14 00:00:00.000,11:55:09.0000000,1 Dollar u.s.a.,9.4785,10.4762
2023-02-13 15:04:42.000,2023-02-13 00:00:00.000,08:30:00.0000000,1 Dollar u.s.a.,9.5137,10.5151
2023-02-13 15:04:42.000,2023-02-13 00:00:00.000,11:54:04.0000000,1 Dollar u.s.a.,9.518,10.5199
2023-02-10 15:04:14.000,2023-02-10 00:00:00.000,08:30:00.0000000,1 Dollar u.s.a.,9.4891,10.488
2023-02-10 15:04:14.000,2023-02-10 00:00:00.000,11:53:48.0000000,1 Dollar u.s.a.,9.5027,10.503
2023-02-10 15:04:01.000,2023-02-09 00:00:00.000,08:30:00.0000000,1 Dollar u.s.a.,9.4859,10.4844
2023-02-10 15:04:01.000,2023-02-09 00:00:00.000,11:54:10.0000000,1 Dollar u.s.a.,9.4668,10.4633
2023-02-08 15:03:42.000,2023-02-08 00:00:00.000,08:30:00.0000000,1 Dollar u.s.a.,9.4865,10.485
2023-02-08 15:03:42.000,2023-02-08 00:00:00.000,11:53:21.0000000,1 Dollar u.s.a.,9.4822,10.4803
2023-02-07 15:03:53.000,2023-02-07 00:00:00.000,08:30:00.0000000,1 Dollar u.s.a.,9.4881,10.4868
2023-02-07 15:03:53.000,2023-02-07 00:00:00.000,11:53:17.0000000,1 Dollar u.s.a.,9.4971,10.4968
2023-02-06 15:04:41.000,2023-02-06 00:00:00.000,08:30:00.0000000,1 Dollar u.s.a.,9.4578,10.4533
2023-02-06 15:04:41.000,2023-02-06 00:00:00.000,11:52:59.0000000,1 Dollar u.s.a.,9.4742,10.4715
2023-02-03 15:03:53.000,2023-02-03 00:00:00.000,08:30:00.0000000,1 Dollar u.s.a.,9.4083,10.3986
2023-02-03 15:03:53.000,2023-02-03 00:00:00.000,11:52:56.0000000,1 Dollar u.s.a.,9.3837,10.3715
2023-02-02 15:03:56.000,2023-02-02 00:00:00.000,08:30:00.0000000,1 Dollar u.s.a.,9.3464,10.3302
2023-02-02 15:03:56.000,2023-02-02 00:00:00.000,11:56:58.0000000,1 Dollar u.s.a.,9.3583,10.3433
2023-02-01 15:04:19.000,2023-02-01 00:00:00.000,08:30:00.0000000,1 Dollar u.s.a.,9.413,10.4038
2023-02-01 15:04:19.000,2023-02-01 00:00:00.000,11:52:50.0000000,1 Dollar u.s.a.,9.4049,10.3949
2023-01-31 15:04:23.000,2023-01-31 00:00:00.000,08:30:00.0000000,1 Dollar u.s.a.,9.4301,10.4227
2023-01-31 15:04:23.000,2023-01-31 00:00:00.000,11:53:22.0000000,1 Dollar u.s.a.,9.4401,10.4338
2023-01-30 15:04:40.000,2023-01-30 00:00:00.000,08:30:00.0000000,1 Dollar u.s.a.,9.4227,10.4146
2023-01-30 15:04:40.000,2023-01-30 00:00:00.000,11:53:12.0000000,1 Dollar u.s.a.,9.396,10.385
2023-01-27 15:03:57.000,2023-01-27 00:00:00.000,08:30:00.0000000,1 Dollar u.s.a.,9.414,10.405
2023-01-27 15:03:57.000,2023-01-27 00:00:00.000,11:52:37.0000000,1 Dollar u.s.a.,9.4064,10.3966
2023-01-26 15:03:55.000,2023-01-26 00:00:00.000,08:30:00.0000000,1 Dollar u.s.a.,9.3915,10.3801
2023-01-26 15:03:55.000,2023-01-26 00:00:00.000,11:54:09.0000000,1 Dollar u.s.a.,9.3989,10.3882
2023-01-25 15:03:54.000,2023-01-25 00:00:00.000,08:30:00.0000000,1 Dollar u.s.a.,9.3994,10.3888
2023-01-25 15:03:54.000,2023-01-25 00:00:00.000,11:52:44.0000000,1 Dollar u.s.a.,9.4172,10.4085
2023-01-24 15:03:59.000,2023-01-24 00:00:00.000,08:30:00.0000000,1 Dollar u.s.a.,9.4062,10.3963
2023-01-24 15:03:59.000,2023-01-24 00:00:00.000,11:54:09.0000000,1 Dollar u.s.a.,9.4203,10.412
2023-01-23 15:04:43.000,2023-01-23 00:00:00.000,08:30:00.0000000,1 Dollar u.s.a.,9.4041,10.394
2023-01-23 15:04:43.000,2023-01-23 00:00:00.000,11:52:45.0000000,1 Dollar u.s.a.,9.3994,10.3888
2023-01-20 15:15:06.000,2023-01-20 00:00:00.000,08:30:00.0000000,1 Dollar u.s.a.,9.433,10.4259
2023-01-20 15:15:06.000,2023-01-20 00:00:00.000,11:53:07.0000000,1 Dollar u.s.a.,9.4335,10.4265
2023-01-19 15:03:51.000,2023-01-19 00:00:00.000,08:30:00.0000000,1 Dollar u.s.a.,9.4573,10.4528
2023-01-19 15:03:51.000,2023-01-19 00:00:00.000,11:52:32.0000000,1 Dollar u.s.a.,9.4414,10.4352
2023-01-18 15:03:55.000,2023-01-18 00:00:00.000,08:30:00.0000000,1 Dollar u.s.a.,9.4485,10.4431
2023-01-18 15:03:55.000,2023-01-18 00:00:00.000,11:56:25.0000000,1 Dollar u.s.a.,9.4272,10.4195
2023-01-17 15:05:38.000,2023-01-17 00:00:00.000,08:30:00.0000000,1 Dollar u.s.a.,9.443,10.437
2023-01-17 15:05:38.000,2023-01-17 00:00:00.000,11:52:38.0000000,1 Dollar u.s.a.,9.4422,10.4361
2023-01-16 15:04:37.000,2023-01-16 00:00:00.000,08:30:00.0000000,1 Dollar u.s.a.,9.4356,10.4288
2023-01-16 15:04:37.000,2023-01-16 00:00:00.000,11:53:33.0000000,1 Dollar u.s.a.,9.4364,10.4297
2023-01-13 15:03:51.000,2023-01-13 00:00:00.000,08:30:00.0000000,1 Dollar u.s.a.,9.4345,10.4277
2023-01-13 15:03:51.000,2023-01-13 00:00:00.000,11:53:36.0000000,1 Dollar u.s.a.,9.433,10.4259
2023-01-12 15:04:18.000,2023-01-12 00:00:00.000,08:30:00.0000000,1 Dollar u.s.a.,9.4753,10.4727
2023-01-12 15:04:18.000,2023-01-12 00:00:00.000,11:53:44.0000000,1 Dollar u.s.a.,9.4721,10.4692
2023-01-10 15:03:57.000,2023-01-10 00:00:00.000,08:30:00.0000000,1 Dollar u.s.a.,9.4886,10.4874
2023-01-10 15:03:57.000,2023-01-10 00:00:00.000,11:53:34.0000000,1 Dollar u.s.a.,9.4881,10.4868
2023-01-09 15:04:42.000,2023-01-09 00:00:00.000,08:30:00.0000000,1 Dollar u.s.a.,9.5201,10.5222
2023-01-09 15:04:42.000,2023-01-09 00:00:00.000,11:54:37.0000000,1 Dollar u.s.a.,9.5217,10.524
2023-01-06 15:03:58.000,2023-01-06 00:00:00.000,08:30:00.0000000,1 Dollar u.s.a.,9.6073,10.6186
2023-01-06 15:03:58.000,2023-01-06 00:00:00.000,11:54:34.0000000,1 Dollar u.s.a.,9.6089,10.6204
2023-01-05 15:04:10.000,2023-01-05 00:00:00.000,08:30:00.0000000,1 Dollar u.s.a.,9.5562,10.5621
2023-01-05 15:04:10.000,2023-01-05 00:00:00.000,11:53:19.0000000,1 Dollar u.s.a.,9.5519,10.5573
2023-01-04 11:49:09.000,2023-01-04 00:00:00.000,08:30:00.0000000,1 Dollar u.s.a.,9.5673,10.5744
2023-01-04 15:03:43.000,2023-01-04 00:00:00.000,11:54:34.0000000,1 Dollar u.s.a.,9.5508,10.5561
2023-01-03 15:04:38.000,2023-01-03 00:00:00.000,08:30:00.0000000,1 Dollar u.s.a.,9.5314,10.5347
2023-01-03 15:04:38.000,2023-01-03 00:00:00.000,10:15:55.0000000,1 Dollar u.s.a.,9.5915,10.6011
2023-01-03 15:04:38.000,2023-01-03 00:00:00.000,11:53:47.0000000,1 Dollar u.s.a.,9.5936,10.6035
2023-01-02 15:03:17.000,2023-01-02 00:00:00.000,08:30:00.0000000,1 Dollar u.s.a.,9.5174,10.5193
2023-01-02 15:03:17.000,2023-01-02 00:00:00.000,11:54:37.0000000,1 Dollar u.s.a.,9.5169,10.5187
2022-12-30 15:04:07.000,2022-12-30 00:00:00.000,08:30:00.0000000,1 Dollar u.s.a.,9.5392,10.5433
2022-12-30 15:04:07.000,2022-12-30 00:00:00.000,11:56:10.0000000,1 Dollar u.s.a.,9.5233,10.5258
2022-12-29 15:04:13.000,2022-12-29 00:00:00.000,08:30:00.0000000,1 Dollar u.s.a.,9.5516,10.557
2022-12-29 15:04:13.000,2022-12-29 00:00:00.000,11:52:31.0000000,1 Dollar u.s.a.,9.5411,10.5454
2022-12-28 15:04:07.000,2022-12-28 00:00:00.000,08:30:00.0000000,1 Dollar u.s.a.,9.5322,10.5356
2022-12-28 15:04:07.000,2022-12-28 00:00:00.000,11:53:13.0000000,1 Dollar u.s.a.,9.5419,10.5463
2022-12-27 15:05:22.000,2022-12-27 00:00:00.000,11:52:30.0000000,1 Dollar u.s.a.,9.5263,10.5291
2022-12-27 15:05:22.000,2022-12-27 00:00:00.000,08:30:00.0000000,1 Dollar u.s.a.,9.5268,10.5297
2022-12-23 15:04:10.000,2022-12-23 00:00:00.000,08:30:00.0000000,1 Dollar u.s.a.,9.5513,10.5567
2022-12-23 15:04:10.000,2022-12-23 00:00:00.000,11:58:46.0000000,1 Dollar u.s.a.,9.5508,10.5561
2022-12-22 15:04:07.000,2022-12-22 00:00:00.000,08:30:00.0000000,1 Dollar u.s.a.,9.5411,10.5454
2022-12-22 15:04:07.000,2022-12-22 00:00:00.000,11:53:03.0000000,1 Dollar u.s.a.,9.5435,10.5481
2022-12-21 15:04:08.000,2022-12-21 00:00:00.000,08:30:00.0000000,1 Dollar u.s.a.,9.5449,10.5496
2022-12-21 15:04:08.000,2022-12-21 00:00:00.000,11:52:17.0000000,1 Dollar u.s.a.,9.5503,10.5556
2022-12-20 15:04:10.000,2022-12-20 00:00:00.000,08:30:00.0000000,1 Dollar u.s.a.,9.5573,10.5633
2022-12-20 15:04:10.000,2022-12-20 00:00:00.000,11:52:32.0000000,1 Dollar u.s.a.,9.5408,10.5451
2022-12-19 15:04:53.000,2022-12-19 00:00:00.000,08:30:00.0000000,1 Dollar u.s.a.,9.5424,10.5469
2022-12-19 15:04:53.000,2022-12-19 00:00:00.000,11:52:23.0000000,1 Dollar u.s.a.,9.5519,10.5573
2022-12-16 15:04:10.000,2022-12-16 00:00:00.000,08:30:00.0000000,1 Dollar u.s.a.,9.5309,10.5341
2022-12-16 15:04:10.000,2022-12-16 00:00:00.000,11:54:44.0000000,1 Dollar u.s.a.,9.5476,10.5526
2022-12-15 15:04:15.000,2022-12-15 00:00:00.000,08:30:00.0000000,1 Dollar u.s.a.,9.5311,10.5344
2022-12-15 15:04:15.000,2022-12-15 00:00:00.000,11:52:55.0000000,1 Dollar u.s.a.,9.5489,10.5541
2022-12-14 15:04:16.000,2022-12-14 00:00:00.000,08:30:00.0000000,1 Dollar u.s.a.,9.5486,10.5538
2022-12-14 15:04:16.000,2022-12-14 00:00:00.000,11:53:27.0000000,1 Dollar u.s.a.,9.5287,10.5317
2022-12-13 15:04:02.000,2022-12-13 00:00:00.000,08:30:00.0000000,1 Dollar u.s.a.,9.586,10.5951
2022-12-13 15:04:02.000,2022-12-13 00:00:00.000,11:52:40.0000000,1 Dollar u.s.a.,9.598,10.6083
2022-12-12 15:04:51.000,2022-12-12 00:00:00.000,08:30:00.0000000,1 Dollar u.s.a.,9.5975,10.6077
2022-12-12 15:04:51.000,2022-12-12 00:00:00.000,11:52:34.0000000,1 Dollar u.s.a.,9.5806,10.5891
2022-12-09 15:04:34.000,2022-12-09 00:00:00.000,08:30:00.0000000,1 Dollar u.s.a.,9.5752,10.5831
2022-12-09 15:04:34.000,2022-12-09 00:00:00.000,11:53:07.0000000,1 Dollar u.s.a.,9.5855,10.5945
2022-12-09 15:04:20.000,2022-12-08 00:00:00.000,08:30:00.0000000,1 Dollar u.s.a.,9.6037,10.6146
2022-12-09 15:04:20.000,2022-12-08 00:00:00.000,11:53:29.0000000,1 Dollar u.s.a.,9.6144,10.6264
2022-12-07 15:04:11.000,2022-12-07 00:00:00.000,08:30:00.0000000,1 Dollar u.s.a.,9.6347,10.6488
2022-12-07 15:04:11.000,2022-12-07 00:00:00.000,11:52:39.0000000,1 Dollar u.s.a.,9.6149,10.627
2022-12-06 15:04:14.000,2022-12-06 00:00:00.000,08:30:00.0000000,1 Dollar u.s.a.,9.6259,10.6391
2022-12-06 15:04:14.000,2022-12-06 00:00:00.000,11:52:34.0000000,1 Dollar u.s.a.,9.6166,10.6288
2022-12-05 15:05:01.000,2022-12-05 00:00:00.000,08:30:00.0000000,1 Dollar u.s.a.,9.5806,10.5891
2022-12-05 15:05:01.000,2022-12-05 00:00:00.000,11:54:03.0000000,1 Dollar u.s.a.,9.5988,10.6092
2022-12-02 15:04:04.000,2022-12-02 00:00:00.000,08:30:00.0000000,1 Dollar u.s.a.,9.5991,10.6095
2022-12-02 15:04:04.000,2022-12-02 00:00:00.000,11:55:00.0000000,1 Dollar u.s.a.,9.6018,10.6125
2022-12-05 15:04:20.000,2022-12-02 00:00:00.000,14:50:13.0000000,1 Dollar u.s.a.,9.649,10.6646
2022-12-01 15:04:02.000,2022-12-01 00:00:00.000,08:30:00.0000000,1 Dollar u.s.a.,9.6435,10.6586
2022-12-01 15:04:02.000,2022-12-01 00:00:00.000,11:53:14.0000000,1 Dollar u.s.a.,9.6509,10.6668
2022-11-30 15:04:06.000,2022-11-30 00:00:00.000,08:30:00.0000000,1 Dollar u.s.a.,9.6966,10.7173
2022-11-30 15:04:06.000,2022-11-30 00:00:00.000,11:53:31.0000000,1 Dollar u.s.a.,9.6891,10.709
2022-11-30 15:04:06.000,2022-11-30 00:00:00.000,12:10:18.0000000,1 Dollar u.s.a.,9.6949,10.7154
2022-11-29 15:04:39.000,2022-11-29 00:00:00.000,08:30:00.0000000,1 Dollar u.s.a.,9.6916,10.7117
2022-11-29 15:04:39.000,2022-11-29 00:00:00.000,11:53:02.0000000,1 Dollar u.s.a.,9.6783,10.697
2022-11-30 15:03:53.000,2022-11-29 00:00:00.000,14:51:51.0000000,1 Dollar u.s.a.,9.7077,10.7296
2022-11-28 15:05:05.000,2022-11-28 00:00:00.000,08:30:00.0000000,1 Dollar u.s.a.,9.6833,10.7025
2022-11-28 15:05:05.000,2022-11-28 00:00:00.000,11:53:14.0000000,1 Dollar u.s.a.,9.6289,10.6425
2022-11-28 15:05:05.000,2022-11-28 00:00:00.000,12:10:01.0000000,1 Dollar u.s.a.,9.6215,10.6343
2022-11-28 15:05:05.000,2022-11-28 00:00:00.000,14:32:12.0000000,1 Dollar u.s.a.,9.6424,10.6573
2022-11-25 15:04:14.000,2022-11-25 00:00:00.000,08:30:00.0000000,1 Dollar u.s.a.,9.6589,10.6756
2022-11-25 15:04:14.000,2022-11-25 00:00:00.000,11:52:24.0000000,1 Dollar u.s.a.,9.6617,10.6787
2022-11-25 15:04:14.000,2022-11-25 00:00:00.000,14:28:52.0000000,1 Dollar u.s.a.,9.6905,10.7105
2022-11-24 15:04:19.000,2022-11-24 00:00:00.000,08:30:00.0000000,1 Dollar u.s.a.,9.6517,10.6677
2022-11-24 15:04:19.000,2022-11-24 00:00:00.000,11:52:29.0000000,1 Dollar u.s.a.,9.6666,10.6842
2022-11-24 15:04:19.000,2022-11-24 00:00:00.000,12:10:06.0000000,1 Dollar u.s.a.,9.668,10.6857
2022-11-23 15:04:15.000,2022-11-23 00:00:00.000,08:30:00.0000000,1 Dollar u.s.a.,9.7061,10.7277
2022-11-23 15:04:15.000,2022-11-23 00:00:00.000,11:52:44.0000000,1 Dollar u.s.a.,9.7228,10.7463
2022-11-23 15:04:15.000,2022-11-23 00:00:00.000,12:10:12.0000000,1 Dollar u.s.a.,9.7172,10.7401
2022-11-22 15:04:24.000,2022-11-22 00:00:00.000,08:30:00.0000000,1 Dollar u.s.a.,9.7548,10.7816
2022-11-22 15:04:24.000,2022-11-22 00:00:00.000,11:52:32.0000000,1 Dollar u.s.a.,9.7391,10.7642
2022-11-22 15:04:24.000,2022-11-22 00:00:00.000,12:10:20.0000000,1 Dollar u.s.a.,9.7323,10.7568
2022-11-21 15:05:25.000,2022-11-21 00:00:00.000,08:30:00.0000000,1 Dollar u.s.a.,9.7458,10.7717
2022-11-21 15:05:25.000,2022-11-21 00:00:00.000,11:52:27.0000000,1 Dollar u.s.a.,9.7627,10.7903
2022-11-21 15:05:25.000,2022-11-21 00:00:00.000,12:10:16.0000000,1 Dollar u.s.a.,9.7621,10.7897
2022-11-17 15:04:25.000,2022-11-17 00:00:00.000,08:30:00.0000000,1 Dollar u.s.a.,9.6838,10.7032
2022-11-17 15:04:25.000,2022-11-17 00:00:00.000,11:52:34.0000000,1 Dollar u.s.a.,9.7038,10.7253
2022-11-17 15:04:25.000,2022-11-17 00:00:00.000,12:09:59.0000000,1 Dollar u.s.a.,9.7027,10.7241
2022-11-17 15:04:11.000,2022-11-16 00:00:00.000,14:56:35.0000000,1 Dollar u.s.a.,9.6772,10.6958
2022-11-16 15:02:53.000,2022-11-16 00:00:00.000,08:30:00.0000000,1 Dollar u.s.a.,9.6788,10.6976
2022-11-16 15:02:53.000,2022-11-16 00:00:00.000,11:52:25.0000000,1 Dollar u.s.a.,9.6534,10.6695
2022-11-15 15:04:11.000,2022-11-15 00:00:00.000,08:30:00.0000000,1 Dollar u.s.a.,9.6833,10.7025
2022-11-15 15:04:11.000,2022-11-15 00:00:00.000,11:52:36.0000000,1 Dollar u.s.a.,9.6545,10.6707
2022-11-15 15:04:11.000,2022-11-15 00:00:00.000,12:10:18.0000000,1 Dollar u.s.a.,9.6528,10.6689
2022-11-15 15:04:11.000,2022-11-15 00:00:00.000,14:20:08.0000000,1 Dollar u.s.a.,9.6727,10.6909
2022-11-14 15:05:01.000,2022-11-14 00:00:00.000,08:30:00.0000000,1 Dollar u.s.a.,9.715,10.7376
2022-11-14 15:05:01.000,2022-11-14 00:00:00.000,11:52:43.0000000,1 Dollar u.s.a.,9.729,10.7531
2022-11-11 15:04:10.000,2022-11-11 00:00:00.000,08:30:00.0000000,1 Dollar u.s.a.,9.7638,10.7916
2022-11-11 15:04:10.000,2022-11-11 00:00:00.000,11:52:20.0000000,1 Dollar u.s.a.,9.7475,10.7735
2022-11-11 15:04:10.000,2022-11-11 00:00:00.000,14:32:19.0000000,1 Dollar u.s.a.,9.7217,10.745
2022-11-10 15:04:16.000,2022-11-10 00:00:00.000,08:30:00.0000000,1 Dollar u.s.a.,9.8924,10.9337
2022-11-10 15:04:16.000,2022-11-10 00:00:00.000,11:52:12.0000000,1 Dollar u.s.a.,9.9291,10.9742
2022-11-09 15:04:16.000,2022-11-09 00:00:00.000,08:30:00.0000000,1 Dollar u.s.a.,9.859,10.8967
2022-11-09 15:04:16.000,2022-11-09 00:00:00.000,11:52:27.0000000,1 Dollar u.s.a.,9.8687,10.9076
2022-11-08 15:04:12.000,2022-11-08 00:00:00.000,08:30:00.0000000,1 Dollar u.s.a.,9.8988,10.9408
2022-11-08 15:04:12.000,2022-11-08 00:00:00.000,11:52:19.0000000,1 Dollar u.s.a.,9.8982,10.9402
2022-11-07 15:05:01.000,2022-11-07 00:00:00.000,08:30:00.0000000,1 Dollar u.s.a.,9.9372,10.9833
2022-11-07 15:05:01.000,2022-11-07 00:00:00.000,11:53:07.0000000,1 Dollar u.s.a.,9.9075,10.9504
2022-11-07 15:05:01.000,2022-11-07 00:00:00.000,12:10:38.0000000,1 Dollar u.s.a.,9.9081,10.9511
2022-11-04 15:04:12.000,2022-11-04 00:00:00.000,08:30:00.0000000,1 Dollar u.s.a.,10.0298,11.0856
2022-11-04 15:04:12.000,2022-11-04 00:00:00.000,11:54:00.0000000,1 Dollar u.s.a.,10.0185,11.0731
2022-11-03 15:04:22.000,2022-11-03 00:00:00.000,08:30:00.0000000,1 Dollar u.s.a.,10.0254,11.0807
2022-11-03 15:04:22.000,2022-11-03 00:00:00.000,11:52:24.0000000,1 Dollar u.s.a.,10.0513,11.1094
2022-11-02 15:04:14.000,2022-11-02 00:00:00.000,08:30:00.0000000,1 Dollar u.s.a.,9.9683,11.0176
2022-11-02 15:04:14.000,2022-11-02 00:00:00.000,11:53:32.0000000,1 Dollar u.s.a.,9.9554,11.0033
2022-11-01 15:04:01.000,2022-11-01 00:00:00.000,08:30:00.0000000,1 Dollar u.s.a.,9.944,10.9907
2022-11-01 15:04:01.000,2022-11-01 00:00:00.000,11:53:19.0000000,1 Dollar u.s.a.,9.9329,10.9784
2022-10-31 15:05:05.000,2022-10-31 00:00:00.000,08:30:00.0000000,1 Dollar u.s.a.,9.9302,10.9755
2022-10-31 15:05:05.000,2022-10-31 00:00:00.000,11:52:46.0000000,1 Dollar u.s.a.,9.9372,10.9833
2022-10-28 15:04:14.000,2022-10-28 00:00:00.000,08:30:00.0000000,1 Dollar u.s.a.,9.9256,10.9704
2022-10-28 15:04:14.000,2022-10-28 00:00:00.000,11:53:00.0000000,1 Dollar u.s.a.,9.9291,10.9742
2022-10-27 15:04:12.000,2022-10-27 00:00:00.000,08:30:00.0000000,1 Dollar u.s.a.,9.8607,10.8987
2022-10-27 15:04:12.000,2022-10-27 00:00:00.000,11:52:39.0000000,1 Dollar u.s.a.,9.8751,10.9146
2022-10-26 15:04:54.000,2022-10-26 00:00:00.000,08:30:00.0000000,1 Dollar u.s.a.,9.8948,10.9363
2022-10-26 15:04:54.000,2022-10-26 00:00:00.000,11:54:07.0000000,1 Dollar u.s.a.,9.8855,10.9261
2022-10-25 15:04:18.000,2022-10-25 00:00:00.000,08:30:00.0000000,1 Dollar u.s.a.,9.9795,11.03
2022-10-25 15:04:18.000,2022-10-25 00:00:00.000,11:52:11.0000000,1 Dollar u.s.a.,9.9783,11.0287
2022-10-24 15:05:02.000,2022-10-24 00:00:00.000,08:30:00.0000000,1 Dollar u.s.a.,9.988,11.0394
2022-10-24 15:05:02.000,2022-10-24 00:00:00.000,11:52:25.0000000,1 Dollar u.s.a.,10.0022,11.0551
2022-10-21 15:04:13.000,2022-10-21 00:00:00.000,08:30:00.0000000,1 Dollar u.s.a.,10.0159,11.0702
2022-10-21 15:04:13.000,2022-10-21 00:00:00.000,11:52:48.0000000,1 Dollar u.s.a.,10.0471,11.1047
2022-10-20 15:04:13.000,2022-10-20 00:00:00.000,08:30:00.0000000,1 Dollar u.s.a.,10.0239,11.079
2022-10-20 15:04:13.000,2022-10-20 00:00:00.000,11:54:32.0000000,1 Dollar u.s.a.,10.0123,11.0662
2022-10-19 15:04:14.000,2022-10-19 00:00:00.000,08:30:00.0000000,1 Dollar u.s.a.,9.9993,11.0518
2022-10-19 15:04:14.000,2022-10-19 00:00:00.000,11:51:59.0000000,1 Dollar u.s.a.,10.0174,11.0718
2022-10-18 15:04:21.000,2022-10-18 00:00:00.000,08:30:00.0000000,1 Dollar u.s.a.,9.9836,11.0345
2022-10-18 15:04:21.000,2022-10-18 00:00:00.000,11:51:55.0000000,1 Dollar u.s.a.,10.0055,11.0587
2022-10-17 15:05:02.000,2022-10-17 00:00:00.000,08:30:00.0000000,1 Dollar u.s.a.,10.0483,11.106
2022-10-17 15:05:02.000,2022-10-17 00:00:00.000,11:51:53.0000000,1 Dollar u.s.a.,10.0439,11.1011
2022-10-14 15:04:23.000,2022-10-14 00:00:00.000,08:30:00.0000000,1 Dollar u.s.a.,10.0364,11.0929
2022-10-14 15:04:23.000,2022-10-14 00:00:00.000,11:52:02.0000000,1 Dollar u.s.a.,10.0519,11.11
2022-10-13 15:04:09.000,2022-10-13 00:00:00.000,08:30:00.0000000,1 Dollar u.s.a.,10.0795,11.1405
2022-10-13 15:04:09.000,2022-10-13 00:00:00.000,11:52:29.0000000,1 Dollar u.s.a.,10.0597,11.1186
2022-10-12 15:04:08.000,2022-10-12 00:00:00.000,08:30:00.0000000,1 Dollar u.s.a.,10.0699,11.1299
2022-10-12 15:04:08.000,2022-10-12 00:00:00.000,11:53:26.0000000,1 Dollar u.s.a.,10.0693,11.1292
2022-10-11 15:05:26.000,2022-10-11 00:00:00.000,08:30:00.0000000,1 Dollar u.s.a.,10.0657,11.1252
2022-10-11 15:05:26.000,2022-10-11 00:00:00.000,12:00:25.0000000,1 Dollar u.s.a.,10.0627,11.1219
2022-10-07 15:04:21.000,2022-10-07 00:00:00.000,08:30:00.0000000,1 Dollar u.s.a.,10.0147,11.0689
2022-10-07 15:04:21.000,2022-10-07 00:00:00.000,11:54:22.0000000,1 Dollar u.s.a.,10.0168,11.0712
2022-10-06 15:04:20.000,2022-10-06 00:00:00.000,08:30:00.0000000,1 Dollar u.s.a.,9.9489,10.9962
2022-10-06 15:04:20.000,2022-10-06 00:00:00.000,11:55:20.0000000,1 Dollar u.s.a.,9.9671,11.0163
2022-10-05 15:04:20.000,2022-10-05 00:00:00.000,08:30:00.0000000,1 Dollar u.s.a.,9.9215,10.9658
2022-10-05 15:04:20.000,2022-10-05 00:00:00.000,11:56:34.0000000,1 Dollar u.s.a.,9.9419,10.9884
2022-10-04 15:04:22.000,2022-10-04 00:00:00.000,08:30:00.0000000,1 Dollar u.s.a.,9.9671,11.0163
2022-10-04 15:04:22.000,2022-10-04 00:00:00.000,11:54:57.0000000,1 Dollar u.s.a.,9.9548,11.0027
2022-10-03 15:05:02.000,2022-10-03 00:00:00.000,08:30:00.0000000,1 Dollar u.s.a.,10.0073,11.0607
2022-10-03 15:05:02.000,2022-10-03 00:00:00.000,11:54:58.0000000,1 Dollar u.s.a.,10.0248,11.08
2022-09-30 15:04:20.000,2022-09-30 00:00:00.000,08:30:00.0000000,1 Dollar u.s.a.,10.0067,11.06
2022-09-30 15:04:20.000,2022-09-30 00:00:00.000,11:57:49.0000000,1 Dollar u.s.a.,10.0388,11.0955
2022-09-29 15:04:16.000,2022-09-29 00:00:00.000,08:30:00.0000000,1 Dollar u.s.a.,10.1024,11.1658
2022-09-29 15:04:16.000,2022-09-29 00:00:00.000,11:54:45.0000000,1 Dollar u.s.a.,10.0699,11.1299
2022-09-28 15:04:14.000,2022-09-28 00:00:00.000,08:30:00.0000000,1 Dollar u.s.a.,10.1619,11.2316
2022-09-28 15:04:14.000,2022-09-28 00:00:00.000,11:54:14.0000000,1 Dollar u.s.a.,10.1552,11.2242
2022-09-27 15:04:11.000,2022-09-27 00:00:00.000,08:30:00.0000000,1 Dollar u.s.a.,10.1021,11.1655
2022-09-27 15:04:11.000,2022-09-27 00:00:00.000,11:56:23.0000000,1 Dollar u.s.a.,10.1157,11.1805
2022-09-26 15:04:50.000,2022-09-26 00:00:00.000,08:30:00.0000000,1 Dollar u.s.a.,10.0801,11.1412
2022-09-26 15:04:50.000,2022-09-26 00:00:00.000,11:54:52.0000000,1 Dollar u.s.a.,10.1042,11.1678
2022-09-23 15:04:04.000,2022-09-23 00:00:00.000,08:30:00.0000000,1 Dollar u.s.a.,10.0292,11.085
2022-09-23 15:04:04.000,2022-09-23 00:00:00.000,11:54:42.0000000,1 Dollar u.s.a.,10.0394,11.0962
2022-09-22 15:04:06.000,2022-09-22 00:00:00.000,08:30:00.0000000,1 Dollar u.s.a.,9.9836,11.0345
2022-09-22 15:04:06.000,2022-09-22 00:00:00.000,11:54:16.0000000,1 Dollar u.s.a.,9.9642,11.0131
2022-09-21 15:04:05.000,2022-09-21 00:00:00.000,08:30:00.0000000,1 Dollar u.s.a.,9.9454,10.9923
2022-09-21 15:04:05.000,2022-09-21 00:00:00.000,11:55:00.0000000,1 Dollar u.s.a.,9.9384,10.9846
2022-09-20 15:04:11.000,2022-09-20 00:00:00.000,08:30:00.0000000,1 Dollar u.s.a.,9.8739,10.9133
2022-09-20 15:04:11.000,2022-09-20 00:00:00.000,11:54:02.0000000,1 Dollar u.s.a.,9.893,10.9344
2022-09-19 15:04:52.000,2022-09-19 00:00:00.000,08:30:00.0000000,1 Dollar u.s.a.,9.9104,10.9536
2022-09-19 15:04:52.000,2022-09-19 00:00:00.000,11:55:51.0000000,1 Dollar u.s.a.,9.8971,10.9389
2022-09-16 15:04:04.000,2022-09-16 00:00:00.000,08:30:00.0000000,1 Dollar u.s.a.,9.9055,10.9482
2022-09-16 15:04:04.000,2022-09-16 00:00:00.000,11:54:03.0000000,1 Dollar u.s.a.,9.9058,10.9485
2022-09-15 15:04:07.000,2022-09-15 00:00:00.000,08:30:00.0000000,1 Dollar u.s.a.,9.9151,10.9588
2022-09-15 15:04:07.000,2022-09-15 00:00:00.000,11:53:56.0000000,1 Dollar u.s.a.,9.9081,10.9511
2022-09-14 15:04:11.000,2022-09-14 00:00:00.000,08:30:00.0000000,1 Dollar u.s.a.,9.9104,10.9536
2022-09-14 15:04:11.000,2022-09-14 00:00:00.000,11:54:00.0000000,1 Dollar u.s.a.,9.8924,10.9337
2022-09-13 15:04:08.000,2022-09-13 00:00:00.000,08:30:00.0000000,1 Dollar u.s.a.,9.8114,10.8442
2022-09-13 15:04:08.000,2022-09-13 00:00:00.000,11:55:02.0000000,1 Dollar u.s.a.,9.7955,10.8266
2022-09-12 15:04:59.000,2022-09-12 00:00:00.000,08:30:00.0000000,1 Dollar u.s.a.,9.7842,10.8141
2022-09-12 15:04:59.000,2022-09-12 00:00:00.000,11:55:31.0000000,1 Dollar u.s.a.,9.8132,10.8461
2022-09-09 15:04:09.000,2022-09-09 00:00:00.000,08:30:00.0000000,1 Dollar u.s.a.,9.8337,10.8688
2022-09-09 15:04:09.000,2022-09-09 00:00:00.000,11:55:30.0000000,1 Dollar u.s.a.,9.8506,10.8875
2022-09-08 15:04:02.000,2022-09-08 00:00:00.000,08:30:00.0000000,1 Dollar u.s.a.,9.9032,10.9456
2022-09-08 15:04:02.000,2022-09-08 00:00:00.000,11:54:35.0000000,1 Dollar u.s.a.,9.8907,10.9318
2022-09-07 15:04:04.000,2022-09-07 00:00:00.000,08:30:00.0000000,1 Dollar u.s.a.,9.9402,10.9865
2022-09-07 15:04:04.000,2022-09-07 00:00:00.000,11:54:58.0000000,1 Dollar u.s.a.,9.953,11.0007
2022-09-06 15:04:13.000,2022-09-06 00:00:00.000,08:30:00.0000000,1 Dollar u.s.a.,9.9104,10.9536
2022-09-06 15:04:13.000,2022-09-06 00:00:00.000,11:54:31.0000000,1 Dollar u.s.a.,9.9369,10.9829
2022-09-05 15:04:53.000,2022-09-05 00:00:00.000,08:30:00.0000000,1 Dollar u.s.a.,9.9478,10.9949
2022-09-05 15:04:53.000,2022-09-05 00:00:00.000,11:55:15.0000000,1 Dollar u.s.a.,9.9331,10.9787
2022-09-02 15:04:04.000,2022-09-02 00:00:00.000,08:30:00.0000000,1 Dollar u.s.a.,9.9023,10.9446
2022-09-02 15:04:04.000,2022-09-02 00:00:00.000,11:54:29.0000000,1 Dollar u.s.a.,9.8971,10.9389
2022-09-01 15:04:16.000,2022-09-01 00:00:00.000,08:30:00.0000000,1 Dollar u.s.a.,9.882,10.9222
2022-09-01 15:04:16.000,2022-09-01 00:00:00.000,11:55:34.0000000,1 Dollar u.s.a.,9.8855,10.9261
2022-08-31 15:04:06.000,2022-08-31 00:00:00.000,08:30:00.0000000,1 Dollar u.s.a.,9.889,10.9299
2022-08-31 15:04:06.000,2022-08-31 00:00:00.000,11:54:53.0000000,1 Dollar u.s.a.,9.909,10.952
2022-08-30 15:04:06.000,2022-08-30 00:00:00.000,08:30:00.0000000,1 Dollar u.s.a.,9.8985,10.9405
2022-08-30 15:04:06.000,2022-08-30 00:00:00.000,11:54:38.0000000,1 Dollar u.s.a.,9.8791,10.919
2022-08-29 15:04:54.000,2022-08-29 00:00:00.000,08:30:00.0000000,1 Dollar u.s.a.,9.9279,10.9729
2022-08-29 15:04:54.000,2022-08-29 00:00:00.000,11:54:45.0000000,1 Dollar u.s.a.,9.9055,10.9482
2022-08-26 15:04:10.000,2022-08-26 00:00:00.000,08:30:00.0000000,1 Dollar u.s.a.,9.9133,10.9568
2022-08-26 15:04:10.000,2022-08-26 00:00:00.000,11:55:10.0000000,1 Dollar u.s.a.,9.889,10.9299
2022-08-25 15:04:09.000,2022-08-25 00:00:00.000,08:30:00.0000000,1 Dollar u.s.a.,9.8907,10.9318
2022-08-25 15:04:09.000,2022-08-25 00:00:00.000,11:54:25.0000000,1 Dollar u.s.a.,9.9081,10.9511
2022-08-24 15:04:34.000,2022-08-24 00:00:00.000,08:30:00.0000000,1 Dollar u.s.a.,9.9261,10.971
2022-08-24 15:04:34.000,2022-08-24 00:00:00.000,11:54:41.0000000,1 Dollar u.s.a.,9.9437,10.9904
2022-08-24 15:04:21.000,2022-08-23 00:00:00.000,08:30:00.0000000,1 Dollar u.s.a.,9.9378,10.9839
2022-08-24 15:04:21.000,2022-08-23 00:00:00.000,11:54:12.0000000,1 Dollar u.s.a.,9.9402,10.9865
2022-08-22 15:04:58.000,2022-08-22 00:00:00.000,08:30:00.0000000,1 Dollar u.s.a.,9.8878,10.9286
2022-08-22 15:04:58.000,2022-08-22 00:00:00.000,11:54:51.0000000,1 Dollar u.s.a.,9.8927,10.9341
2022-08-19 15:04:09.000,2022-08-19 00:00:00.000,08:30:00.0000000,1 Dollar u.s.a.,9.8486,10.8853
2022-08-19 15:04:09.000,2022-08-19 00:00:00.000,11:54:48.0000000,1 Dollar u.s.a.,9.8598,10.8977
2022-08-18 15:04:09.000,2022-08-18 00:00:00.000,08:30:00.0000000,1 Dollar u.s.a.,9.808,10.8405
2022-08-18 15:04:09.000,2022-08-18 00:00:00.000,11:53:51.0000000,1 Dollar u.s.a.,9.7995,10.831
2022-08-17 15:04:07.000,2022-08-17 00:00:00.000,08:30:00.0000000,1 Dollar u.s.a.,9.8049,10.837
2022-08-17 15:04:07.000,2022-08-17 00:00:00.000,11:54:18.0000000,1 Dollar u.s.a.,9.7972,10.8285
2022-08-16 15:04:08.000,2022-08-16 00:00:00.000,08:30:00.0000000,1 Dollar u.s.a.,9.816,10.8493
2022-08-16 15:04:08.000,2022-08-16 00:00:00.000,11:54:17.0000000,1 Dollar u.s.a.,9.8217,10.8556
2022-08-15 15:04:59.000,2022-08-15 00:00:00.000,08:30:00.0000000,1 Dollar u.s.a.,9.7616,10.7891
2022-08-15 15:04:59.000,2022-08-15 00:00:00.000,11:54:21.0000000,1 Dollar u.s.a.,9.7805,10.81
2022-08-12 15:04:15.000,2022-08-12 00:00:00.000,08:30:00.0000000,1 Dollar u.s.a.,9.7225,10.746
2022-08-12 15:04:15.000,2022-08-12 00:00:00.000,11:53:23.0000000,1 Dollar u.s.a.,9.7306,10.7549
2022-08-11 15:04:10.000,2022-08-11 00:00:00.000,08:30:00.0000000,1 Dollar u.s.a.,9.7139,10.7364
2022-08-11 15:04:10.000,2022-08-11 00:00:00.000,11:54:34.0000000,1 Dollar u.s.a.,9.7088,10.7308
2022-08-10 15:04:34.000,2022-08-10 00:00:00.000,08:30:00.0000000,1 Dollar u.s.a.,9.7757,10.8047
2022-08-10 15:04:34.000,2022-08-10 00:00:00.000,11:55:24.0000000,1 Dollar u.s.a.,9.7604,10.7879
2022-08-10 15:04:21.000,2022-08-09 00:00:00.000,08:30:00.0000000,1 Dollar u.s.a.,9.7813,10.811
2022-08-10 15:04:21.000,2022-08-09 00:00:00.000,11:55:42.0000000,1 Dollar u.s.a.,9.7661,10.7941
2022-08-08 15:04:57.000,2022-08-08 00:00:00.000,08:30:00.0000000,1 Dollar u.s.a.,9.7853,10.8153
2022-08-08 15:04:57.000,2022-08-08 00:00:00.000,11:55:20.0000000,1 Dollar u.s.a.,9.7893,10.8197
2022-08-05 15:04:13.000,2022-08-05 00:00:00.000,08:30:00.0000000,1 Dollar u.s.a.,9.7621,10.7897
2022-08-05 15:04:13.000,2022-08-05 00:00:00.000,11:56:02.0000000,1 Dollar u.s.a.,9.7655,10.7935
2022-08-04 15:04:15.000,2022-08-04 00:00:00.000,08:30:00.0000000,1 Dollar u.s.a.,9.7898,10.8204
2022-08-04 15:04:15.000,2022-08-04 00:00:00.000,11:55:24.0000000,1 Dollar u.s.a.,9.7853,10.8153
2022-08-03 15:04:16.000,2022-08-03 00:00:00.000,08:30:00.0000000,1 Dollar u.s.a.,9.7904,10.821
2022-08-03 15:04:16.000,2022-08-03 00:00:00.000,11:56:13.0000000,1 Dollar u.s.a.,9.7887,10.8191
2022-08-02 15:04:11.000,2022-08-02 00:00:00.000,08:30:00.0000000,1 Dollar u.s.a.,9.7618,10.7894
2022-08-02 15:04:11.000,2022-08-02 00:00:00.000,11:55:16.0000000,1 Dollar u.s.a.,9.7698,10.7981
2022-08-01 15:04:58.000,2022-08-01 00:00:00.000,08:30:00.0000000,1 Dollar u.s.a.,9.7655,10.7935
2022-08-01 15:04:58.000,2022-08-01 00:00:00.000,11:56:08.0000000,1 Dollar u.s.a.,9.7503,10.7766
2022-07-29 15:04:08.000,2022-07-29 00:00:00.000,08:30:00.0000000,1 Dollar u.s.a.,9.7621,10.7897
2022-07-29 15:04:08.000,2022-07-29 00:00:00.000,11:55:40.0000000,1 Dollar u.s.a.,9.7599,10.7872
2022-07-28 15:04:20.000,2022-07-28 00:00:00.000,08:30:00.0000000,1 Dollar u.s.a.,9.7893,10.8197
2022-07-28 15:04:20.000,2022-07-28 00:00:00.000,11:56:25.0000000,1 Dollar u.s.a.,9.8246,10.8587
2022-07-28 15:04:07.000,2022-07-27 00:00:00.000,08:30:00.0000000,1 Dollar u.s.a.,9.8154,10.8486
2022-07-28 15:04:07.000,2022-07-27 00:00:00.000,11:56:04.0000000,1 Dollar u.s.a.,9.8089,10.8414
2022-07-26 15:04:08.000,2022-07-26 00:00:00.000,08:30:00.0000000,1 Dollar u.s.a.,9.7635,10.7913
2022-07-26 15:04:08.000,2022-07-26 00:00:00.000,11:56:04.0000000,1 Dollar u.s.a.,9.8114,10.8442
2022-07-25 15:05:02.000,2022-07-25 00:00:00.000,08:30:00.0000000,1 Dollar u.s.a.,9.7802,10.8097
2022-07-25 15:05:02.000,2022-07-25 00:00:00.000,11:56:03.0000000,1 Dollar u.s.a.,9.7664,10.7944
2022-07-22 15:04:08.000,2022-07-22 00:00:00.000,08:30:00.0000000,1 Dollar u.s.a.,9.804,10.8361
2022-07-22 15:04:08.000,2022-07-22 00:00:00.000,11:55:56.0000000,1 Dollar u.s.a.,9.7995,10.831
2022-07-21 15:04:06.000,2022-07-21 00:00:00.000,08:30:00.0000000,1 Dollar u.s.a.,9.7785,10.8078
2022-07-21 15:04:06.000,2022-07-21 00:00:00.000,11:56:33.0000000,1 Dollar u.s.a.,9.7904,10.821
2022-07-20 15:04:09.000,2022-07-20 00:00:00.000,08:30:00.0000000,1 Dollar u.s.a.,9.7469,10.7729
2022-07-20 15:04:09.000,2022-07-20 00:00:00.000,11:57:08.0000000,1 Dollar u.s.a.,9.7881,10.8185
2022-07-19 15:04:09.000,2022-07-19 00:00:00.000,08:30:00.0000000,1 Dollar u.s.a.,9.783,10.8128
2022-07-19 15:04:09.000,2022-07-19 00:00:00.000,11:56:03.0000000,1 Dollar u.s.a.,9.7542,10.781
2022-07-18 15:05:01.000,2022-07-18 00:00:00.000,08:30:00.0000000,1 Dollar u.s.a.,9.816,10.8493
2022-07-18 15:05:01.000,2022-07-18 00:00:00.000,11:56:02.0000000,1 Dollar u.s.a.,9.8086,10.8411
2022-07-15 15:04:10.000,2022-07-15 00:00:00.000,08:30:00.0000000,1 Dollar u.s.a.,9.8788,10.9187
2022-07-15 15:04:10.000,2022-07-15 00:00:00.000,11:56:56.0000000,1 Dollar u.s.a.,9.8636,10.9018
2022-07-14 15:04:11.000,2022-07-14 00:00:00.000,08:30:00.0000000,1 Dollar u.s.a.,9.8826,10.9229
2022-07-14 15:04:11.000,2022-07-14 00:00:00.000,11:55:43.0000000,1 Dollar u.s.a.,9.8884,10.9293
2022-07-13 15:04:13.000,2022-07-13 00:00:00.000,08:30:00.0000000,1 Dollar u.s.a.,9.8898,10.9309
2022-07-13 15:04:13.000,2022-07-13 00:00:00.000,11:55:42.0000000,1 Dollar u.s.a.,9.8601,10.898
2022-07-12 15:05:24.000,2022-07-12 00:00:00.000,08:30:00.0000000,1 Dollar u.s.a.,9.8895,10.9305
2022-07-12 15:05:24.000,2022-07-12 00:00:00.000,11:55:41.0000000,1 Dollar u.s.a.,9.889,10.9299
2022-07-08 15:04:11.000,2022-07-08 00:00:00.000,08:30:00.0000000,1 Dollar u.s.a.,9.8377,10.8733
2022-07-08 15:04:11.000,2022-07-08 00:00:00.000,11:56:41.0000000,1 Dollar u.s.a.,9.8132,10.8461
2022-07-07 15:04:14.000,2022-07-07 00:00:00.000,08:30:00.0000000,1 Dollar u.s.a.,9.7881,10.8185
2022-07-07 15:04:14.000,2022-07-07 00:00:00.000,11:55:49.0000000,1 Dollar u.s.a.,9.7864,10.8166
2022-07-06 15:04:10.000,2022-07-06 00:00:00.000,08:30:00.0000000,1 Dollar u.s.a.,9.7447,10.7704
2022-07-06 15:04:10.000,2022-07-06 00:00:00.000,11:55:52.0000000,1 Dollar u.s.a.,9.7816,10.8113
2022-07-05 15:04:13.000,2022-07-05 00:00:00.000,08:30:00.0000000,1 Dollar u.s.a.,9.6805,10.6995
2022-07-05 15:04:13.000,2022-07-05 00:00:00.000,11:58:46.0000000,1 Dollar u.s.a.,9.7245,10.7481
2022-07-04 15:04:57.000,2022-07-04 00:00:00.000,08:30:00.0000000,1 Dollar u.s.a.,9.6492,10.665
2022-07-04 15:04:57.000,2022-07-04 00:00:00.000,11:55:44.0000000,1 Dollar u.s.a.,9.6404,10.6552
2022-07-01 15:04:11.000,2022-07-01 00:00:00.000,08:30:00.0000000,1 Dollar u.s.a.,9.6446,10.6598
2022-07-01 15:04:11.000,2022-07-01 00:00:00.000,11:55:35.0000000,1 Dollar u.s.a.,9.6369,10.6513
2022-06-30 15:04:15.000,2022-06-30 00:00:00.000,08:30:00.0000000,1 Dollar u.s.a.,9.644,10.6592
2022-06-30 15:04:15.000,2022-06-30 00:00:00.000,11:55:32.0000000,1 Dollar u.s.a.,9.6655,10.683
2022-06-29 15:04:23.000,2022-06-29 00:00:00.000,08:30:00.0000000,1 Dollar u.s.a.,9.6177,10.63
2022-06-29 15:04:23.000,2022-06-29 00:00:00.000,11:55:38.0000000,1 Dollar u.s.a.,9.6029,10.6137
2022-06-29 15:04:09.000,2022-06-28 00:00:00.000,11:55:31.0000000,1 Dollar u.s.a.,9.5708,10.5783
2022-06-28 15:04:09.000,2022-06-28 00:00:00.000,08:30:00.0000000,1 Dollar u.s.a.,9.5654,10.5723
2022-06-27 15:04:59.000,2022-06-27 00:00:00.000,08:30:00.0000000,1 Dollar u.s.a.,9.5703,10.5777
2022-06-27 15:04:59.000,2022-06-27 00:00:00.000,11:55:26.0000000,1 Dollar u.s.a.,9.5676,10.5747
2022-06-24 15:04:18.000,2022-06-24 00:00:00.000,08:30:00.0000000,1 Dollar u.s.a.,9.5991,10.6095
2022-06-24 15:04:18.000,2022-06-24 00:00:00.000,11:58:45.0000000,1 Dollar u.s.a.,9.5915,10.6011
2022-06-23 15:04:21.000,2022-06-23 00:00:00.000,08:30:00.0000000,1 Dollar u.s.a.,9.6106,10.6222
2022-06-23 15:04:21.000,2022-06-23 00:00:00.000,11:55:26.0000000,1 Dollar u.s.a.,9.6133,10.6252
2022-06-22 15:04:24.000,2022-06-22 00:00:00.000,08:30:00.0000000,1 Dollar u.s.a.,9.619,10.6316
2022-06-22 15:04:24.000,2022-06-22 00:00:00.000,11:56:06.0000000,1 Dollar u.s.a.,9.6035,10.6143
2022-06-21 15:04:19.000,2022-06-21 00:00:00.000,08:30:00.0000000,1 Dollar u.s.a.,9.5893,10.5987
2022-06-21 15:04:19.000,2022-06-21 00:00:00.000,11:55:30.0000000,1 Dollar u.s.a.,9.5844,10.5933
2022-06-20 15:05:03.000,2022-06-20 00:00:00.000,08:30:00.0000000,1 Dollar u.s.a.,9.6029,10.6137
2022-06-20 15:05:03.000,2022-06-20 00:00:00.000,11:55:24.0000000,1 Dollar u.s.a.,9.5983,10.6086
2022-06-17 15:04:10.000,2022-06-17 00:00:00.000,08:30:00.0000000,1 Dollar u.s.a.,9.5991,10.6095
2022-06-17 15:04:10.000,2022-06-17 00:00:00.000,11:55:28.0000000,1 Dollar u.s.a.,9.6021,10.6128
2022-06-16 15:04:15.000,2022-06-16 00:00:00.000,08:30:00.0000000,1 Dollar u.s.a.,9.6683,10.686
2022-06-16 15:04:15.000,2022-06-16 00:00:00.000,11:55:34.0000000,1 Dollar u.s.a.,9.6661,10.6836
2022-06-15 15:04:08.000,2022-06-15 00:00:00.000,11:55:23.0000000,1 Dollar u.s.a.,9.6237,10.6367
2022-06-15 15:04:08.000,2022-06-15 00:00:00.000,08:30:00.0000000,1 Dollar u.s.a.,9.6209,10.6337
2022-06-14 15:04:18.000,2022-06-14 00:00:00.000,08:30:00.0000000,1 Dollar u.s.a.,9.6363,10.6507
2022-06-14 15:04:18.000,2022-06-14 00:00:00.000,11:55:18.0000000,1 Dollar u.s.a.,9.6506,10.6665
2022-06-13 15:04:59.000,2022-06-13 00:00:00.000,08:30:00.0000000,1 Dollar u.s.a.,9.6215,10.6343
2022-06-13 15:04:59.000,2022-06-13 00:00:00.000,11:55:24.0000000,1 Dollar u.s.a.,9.636,10.6504
2022-06-10 15:04:16.000,2022-06-10 00:00:00.000,08:30:00.0000000,1 Dollar u.s.a.,9.5406,10.5448
2022-06-10 15:04:16.000,2022-06-10 00:00:00.000,11:55:16.0000000,1 Dollar u.s.a.,9.5673,10.5744
2022-06-09 15:04:14.000,2022-06-09 00:00:00.000,08:30:00.0000000,1 Dollar u.s.a.,9.5006,10.5007
2022-06-09 15:04:14.000,2022-06-09 00:00:00.000,11:55:24.0000000,1 Dollar u.s.a.,9.4966,10.4962
2022-06-08 15:04:19.000,2022-06-08 00:00:00.000,08:30:00.0000000,1 Dollar u.s.a.,9.5148,10.5163
2022-06-08 15:04:19.000,2022-06-08 00:00:00.000,11:55:16.0000000,1 Dollar u.s.a.,9.4955,10.495
2022-06-07 15:04:15.000,2022-06-07 00:00:00.000,08:30:00.0000000,1 Dollar u.s.a.,9.5124,10.5137
2022-06-07 15:04:15.000,2022-06-07 00:00:00.000,11:55:25.0000000,1 Dollar u.s.a.,9.5188,10.5208
2022-06-06 15:05:03.000,2022-06-06 00:00:00.000,08:30:00.0000000,1 Dollar u.s.a.,9.4902,10.4892
2022-06-06 15:05:03.000,2022-06-06 00:00:00.000,11:57:14.0000000,1 Dollar u.s.a.,9.4918,10.4909
2022-06-03 15:04:22.000,2022-06-03 00:00:00.000,08:30:00.0000000,1 Dollar u.s.a.,9.4819,10.48
2022-06-03 15:04:22.000,2022-06-03 00:00:00.000,11:55:21.0000000,1 Dollar u.s.a.,9.487,10.4856
2022-06-02 15:04:19.000,2022-06-02 00:00:00.000,08:30:00.0000000,1 Dollar u.s.a.,9.518,10.5199
2022-06-02 15:04:19.000,2022-06-02 00:00:00.000,11:57:56.0000000,1 Dollar u.s.a.,9.5094,10.5104
2022-06-01 15:04:30.000,2022-06-01 00:00:00.000,08:30:00.0000000,1 Dollar u.s.a.,9.495,10.4945
2022-06-01 15:04:30.000,2022-06-01 00:00:00.000,11:55:10.0000000,1 Dollar u.s.a.,9.4987,10.4986
2022-05-31 15:04:16.000,2022-05-31 00:00:00.000,08:30:00.0000000,1 Dollar u.s.a.,9.4833,10.4815
2022-05-31 15:04:16.000,2022-05-31 00:00:00.000,11:55:13.0000000,1 Dollar u.s.a.,9.5049,10.5054
2022-06-01 15:04:02.000,2022-05-30 00:00:00.000,11:54:00.0000000,1 Dollar u.s.a.,9.4686,10.4653
2022-05-30 15:05:06.000,2022-05-30 00:00:00.000,08:30:00.0000000,1 Dollar u.s.a.,9.4833,10.4815
2022-05-27 15:04:19.000,2022-05-27 00:00:00.000,08:30:00.0000000,1 Dollar u.s.a.,9.4806,10.4786
2022-05-27 15:04:19.000,2022-05-27 00:00:00.000,11:55:20.0000000,1 Dollar u.s.a.,9.5057,10.5063
2022-05-26 15:04:14.000,2022-05-26 00:00:00.000,08:30:00.0000000,1 Dollar u.s.a.,9.5142,10.5157
2022-05-26 15:04:14.000,2022-05-26 00:00:00.000,11:55:32.0000000,1 Dollar u.s.a.,9.4971,10.4968
2022-05-25 15:04:14.000,2022-05-25 00:00:00.000,08:30:00.0000000,1 Dollar u.s.a.,9.5142,10.5157
2022-05-25 15:04:14.000,2022-05-25 00:00:00.000,11:55:07.0000000,1 Dollar u.s.a.,9.5266,10.5294
2022-05-24 15:04:19.000,2022-05-24 00:00:00.000,08:30:00.0000000,1 Dollar u.s.a.,9.4955,10.495
2022-05-24 15:04:19.000,2022-05-24 00:00:00.000,11:57:11.0000000,1 Dollar u.s.a.,9.5019,10.5021
2022-05-23 15:05:03.000,2022-05-23 00:00:00.000,08:30:00.0000000,1 Dollar u.s.a.,9.5578,10.5639
2022-05-23 15:05:03.000,2022-05-23 00:00:00.000,11:55:29.0000000,1 Dollar u.s.a.,9.5247,10.5273
2022-05-20 15:02:31.000,2022-05-20 00:00:00.000,08:30:00.0000000,1 Dollar u.s.a.,9.5757,10.5837
2022-05-20 15:02:31.000,2022-05-20 00:00:00.000,11:55:26.0000000,1 Dollar u.s.a.,9.5676,10.5747
2022-05-19 15:02:41.000,2022-05-19 00:00:00.000,08:30:00.0000000,1 Dollar u.s.a.,9.6292,10.6428
2022-05-19 15:02:41.000,2022-05-19 00:00:00.000,11:55:43.0000000,1 Dollar u.s.a.,9.5975,10.6077
2022-05-18 15:02:32.000,2022-05-18 00:00:00.000,08:30:00.0000000,1 Dollar u.s.a.,9.6062,10.6174
2022-05-18 15:02:32.000,2022-05-18 00:00:00.000,11:55:11.0000000,1 Dollar u.s.a.,9.6045,10.6155
2022-05-17 15:02:31.000,2022-05-17 00:00:00.000,08:30:00.0000000,1 Dollar u.s.a.,9.6413,10.6561
2022-05-19 15:02:29.000,2022-05-17 00:00:00.000,11:55:48.0000000,1 Dollar u.s.a.,9.6081,10.6195
2022-05-16 15:02:38.000,2022-05-16 00:00:00.000,08:30:00.0000000,1 Dollar u.s.a.,9.6589,10.6756
2022-05-16 15:02:38.000,2022-05-16 00:00:00.000,11:55:06.0000000,1 Dollar u.s.a.,9.6545,10.6707
2022-05-13 15:02:25.000,2022-05-13 00:00:00.000,08:30:00.0000000,1 Dollar u.s.a.,9.6666,10.6842
2022-05-13 15:02:25.000,2022-05-13 00:00:00.000,11:55:29.0000000,1 Dollar u.s.a.,9.6794,10.6982
2022-05-12 15:02:32.000,2022-05-12 00:00:00.000,08:30:00.0000000,1 Dollar u.s.a.,9.6344,10.6485
2022-05-12 15:02:32.000,2022-05-12 00:00:00.000,11:55:11.0000000,1 Dollar u.s.a.,9.649,10.6646
2022-05-11 15:02:18.000,2022-05-11 00:00:00.000,08:30:00.0000000,1 Dollar u.s.a.,9.5863,10.5954
2022-05-11 15:02:18.000,2022-05-11 00:00:00.000,11:55:54.0000000,1 Dollar u.s.a.,9.5876,10.5969
2022-05-11 15:02:13.000,2022-05-10 00:00:00.000,11:55:50.0000000,1 Dollar u.s.a.,9.5931,10.6029
2022-05-10 15:02:26.000,2022-05-10 00:00:00.000,08:30:00.0000000,1 Dollar u.s.a.,9.5833,10.5921
2022-05-09 15:03:12.000,2022-05-09 00:00:00.000,08:30:00.0000000,1 Dollar u.s.a.,9.6062,10.6174
2022-05-09 15:03:12.000,2022-05-09 00:00:00.000,12:13:10.0000000,1 Dollar u.s.a.,9.5942,10.6041
2022-05-06 15:02:44.000,2022-05-06 00:00:00.000,08:30:00.0000000,1 Dollar u.s.a.,9.5866,10.5957
2022-05-06 15:02:44.000,2022-05-06 00:00:00.000,11:55:08.0000000,1 Dollar u.s.a.,9.5765,10.5846
2022-05-05 15:02:26.000,2022-05-05 00:00:00.000,08:30:00.0000000,1 Dollar u.s.a.,9.5654,10.5723
2022-05-05 15:02:26.000,2022-05-05 00:00:00.000,11:55:31.0000000,1 Dollar u.s.a.,9.5887,10.5981
2022-05-04 15:03:25.000,2022-05-04 00:00:00.000,08:30:00.0000000,1 Dollar u.s.a.,9.598,10.6083
2022-05-04 15:03:25.000,2022-05-04 00:00:00.000,11:55:38.0000000,1 Dollar u.s.a.,9.6002,10.6107
2022-04-29 15:02:32.000,2022-04-29 00:00:00.000,08:30:00.0000000,1 Dollar u.s.a.,9.5779,10.5861
2022-04-29 15:02:32.000,2022-04-29 00:00:00.000,11:54:57.0000000,1 Dollar u.s.a.,9.5915,10.6011
2022-04-28 15:02:28.000,2022-04-28 00:00:00.000,08:30:00.0000000,1 Dollar u.s.a.,9.6051,10.6162
2022-04-28 15:02:28.000,2022-04-28 00:00:00.000,11:55:02.0000000,1 Dollar u.s.a.,9.6171,10.6294
2022-04-27 15:02:28.000,2022-04-27 00:00:00.000,08:30:00.0000000,1 Dollar u.s.a.,9.5643,10.5711
2022-04-27 15:02:28.000,2022-04-27 00:00:00.000,11:55:07.0000000,1 Dollar u.s.a.,9.5686,10.5759
2022-04-26 15:02:26.000,2022-04-26 00:00:00.000,08:30:00.0000000,1 Dollar u.s.a.,9.5132,10.5145
2022-04-26 15:02:26.000,2022-04-26 00:00:00.000,11:54:50.0000000,1 Dollar u.s.a.,9.5161,10.5178
2022-04-25 15:02:52.000,2022-04-25 00:00:00.000,08:30:00.0000000,1 Dollar u.s.a.,9.4833,10.4815
2022-04-25 15:02:52.000,2022-04-25 00:00:00.000,11:54:49.0000000,1 Dollar u.s.a.,9.4817,10.4797
2022-04-22 15:02:26.000,2022-04-22 00:00:00.000,11:55:43.0000000,1 Dollar u.s.a.,9.443,10.437
2022-04-22 15:02:26.000,2022-04-22 00:00:00.000,08:30:00.0000000,1 Dollar u.s.a.,9.4546,10.4498
2022-04-21 15:02:28.000,2022-04-21 00:00:00.000,08:30:00.0000000,1 Dollar u.s.a.,9.3908,10.3793
2022-04-21 15:02:28.000,2022-04-21 00:00:00.000,11:54:48.0000000,1 Dollar u.s.a.,9.4125,10.4033
2022-04-20 15:02:30.000,2022-04-20 00:00:00.000,08:30:00.0000000,1 Dollar u.s.a.,9.4319,10.4247
2022-04-20 15:02:30.000,2022-04-20 00:00:00.000,11:54:47.0000000,1 Dollar u.s.a.,9.4338,10.4268
2022-04-19 15:02:25.000,2022-04-19 00:00:00.000,08:30:00.0000000,1 Dollar u.s.a.,9.4488,10.4434
2022-04-19 15:02:25.000,2022-04-19 00:00:00.000,11:58:08.0000000,1 Dollar u.s.a.,9.4573,10.4528
2022-04-18 15:02:52.000,2022-04-18 00:00:00.000,08:30:00.0000000,1 Dollar u.s.a.,9.4573,10.4528
2022-04-18 15:02:52.000,2022-04-18 00:00:00.000,11:54:45.0000000,1 Dollar u.s.a.,9.4483,10.4428
2022-04-15 18:53:14.000,2022-04-15 00:00:00.000,08:30:00.0000000,1 Dollar u.s.a.,9.4438,10.4379
2022-04-15 18:53:14.000,2022-04-15 00:00:00.000,11:54:37.0000000,1 Dollar u.s.a.,9.4467,10.4411
2022-04-14 15:02:25.000,2022-04-14 00:00:00.000,08:30:00.0000000,1 Dollar u.s.a.,9.3973,10.3865
2022-04-14 15:02:25.000,2022-04-14 00:00:00.000,11:55:45.0000000,1 Dollar u.s.a.,9.4156,10.4067
2022-04-13 15:02:19.000,2022-04-13 00:00:00.000,08:30:00.0000000,1 Dollar u.s.a.,9.4351,10.4282
2022-04-13 15:02:19.000,2022-04-13 00:00:00.000,11:55:15.0000000,1 Dollar u.s.a.,9.4377,10.4312
2022-04-12 15:02:33.000,2022-04-12 00:00:00.000,08:30:00.0000000,1 Dollar u.s.a.,9.4214,10.4131
2022-04-12 15:02:33.000,2022-04-12 00:00:00.000,11:54:39.0000000,1 Dollar u.s.a.,9.4219,10.4137
2022-04-11 15:02:37.000,2022-04-11 00:00:00.000,08:30:00.0000000,1 Dollar u.s.a.,9.396,10.385
2022-04-11 15:02:37.000,2022-04-11 00:00:00.000,11:54:41.0000000,1 Dollar u.s.a.,9.3989,10.3882
2022-04-08 15:04:25.000,2022-04-08 00:00:00.000,08:30:00.0000000,1 Dollar u.s.a.,9.4188,10.4102
2022-04-08 15:04:25.000,2022-04-08 00:00:00.000,11:53:41.0000000,1 Dollar u.s.a.,9.4219,10.4137
2022-04-07 15:02:14.000,2022-04-07 00:00:00.000,08:30:00.0000000,1 Dollar u.s.a.,9.413,10.4038
2022-04-07 15:02:14.000,2022-04-07 00:00:00.000,11:53:57.0000000,1 Dollar u.s.a.,9.3949,10.3839
2022-04-06 15:02:21.000,2022-04-06 00:00:00.000,08:30:00.0000000,1 Dollar u.s.a.,9.3915,10.3801
2022-04-06 15:02:21.000,2022-04-06 00:00:00.000,11:54:05.0000000,1 Dollar u.s.a.,9.3936,10.3824
2022-04-05 15:02:30.000,2022-04-05 00:00:00.000,08:30:00.0000000,1 Dollar u.s.a.,9.365,10.3508
2022-04-05 15:02:30.000,2022-04-05 00:00:00.000,11:54:24.0000000,1 Dollar u.s.a.,9.3671,10.3531
2022-04-04 15:02:38.000,2022-04-04 00:00:00.000,08:30:00.0000000,1 Dollar u.s.a.,9.3383,10.3213
2022-04-04 15:02:38.000,2022-04-04 00:00:00.000,11:54:09.0000000,1 Dollar u.s.a.,9.3469,10.3308
2022-04-01 15:02:26.000,2022-04-01 00:00:00.000,08:30:00.0000000,1 Dollar u.s.a.,9.3144,10.2949
2022-04-01 15:02:26.000,2022-04-01 00:00:00.000,11:55:34.0000000,1 Dollar u.s.a.,9.3213,10.3025
2022-03-31 15:02:16.000,2022-03-31 00:00:00.000,08:30:00.0000000,1 Dollar u.s.a.,9.2794,10.2562
2022-04-01 15:02:21.000,2022-03-31 00:00:00.000,11:54:01.0000000,1 Dollar u.s.a.,9.2955,10.2739
2022-03-30 15:02:20.000,2022-03-30 00:00:00.000,08:30:00.0000000,1 Dollar u.s.a.,9.2832,10.2604
2022-03-30 15:02:20.000,2022-03-30 00:00:00.000,11:54:16.0000000,1 Dollar u.s.a.,9.2756,10.2519
2022-03-29 15:02:13.000,2022-03-29 00:00:00.000,08:30:00.0000000,1 Dollar u.s.a.,9.35,10.3342
2022-03-29 15:02:13.000,2022-03-29 00:00:00.000,11:58:03.0000000,1 Dollar u.s.a.,9.299,10.2779
2022-03-28 15:02:31.000,2022-03-28 00:00:00.000,08:30:00.0000000,1 Dollar u.s.a.,9.3681,10.3542
2022-03-28 15:02:31.000,2022-03-28 00:00:00.000,11:58:08.0000000,1 Dollar u.s.a.,9.3655,10.3514
2022-03-25 15:02:17.000,2022-03-25 00:00:00.000,08:30:00.0000000,1 Dollar u.s.a.,9.336,10.3188
2022-03-25 15:02:17.000,2022-03-25 00:00:00.000,11:52:54.0000000,1 Dollar u.s.a.,9.3453,10.329
2022-03-24 15:02:30.000,2022-03-24 00:00:00.000,08:30:00.0000000,1 Dollar u.s.a.,9.3603,10.3456
2022-03-24 15:02:30.000,2022-03-24 00:00:00.000,11:53:50.0000000,1 Dollar u.s.a.,9.3559,10.3408
2022-03-23 15:03:00.000,2022-03-23 00:00:00.000,08:30:00.0000000,1 Dollar u.s.a.,9.3365,10.3193
2022-03-23 15:03:00.000,2022-03-23 00:00:00.000,11:52:42.0000000,1 Dollar u.s.a.,9.3476,10.3316
2022-03-23 15:02:54.000,2022-03-22 00:00:00.000,08:30:00.0000000,1 Dollar u.s.a.,9.3624,10.3479
2022-03-23 15:02:54.000,2022-03-22 00:00:00.000,11:52:46.0000000,1 Dollar u.s.a.,9.3489,10.333
2022-03-23 15:02:49.000,2022-03-21 00:00:00.000,08:30:00.0000000,1 Dollar u.s.a.,9.325,10.3065
2022-03-23 15:02:49.000,2022-03-21 00:00:00.000,11:53:08.0000000,1 Dollar u.s.a.,9.3237,10.3051
2022-03-18 15:05:43.000,2022-03-18 00:00:00.000,08:30:00.0000000,1 Dollar u.s.a.,9.309,10.2889
2022-03-18 15:05:43.000,2022-03-18 00:00:00.000,11:53:00.0000000,1 Dollar u.s.a.,9.3283,10.3102
2022-03-17 15:02:43.000,2022-03-17 00:00:00.000,08:30:00.0000000,1 Dollar u.s.a.,9.3288,10.3108
2022-03-17 15:02:43.000,2022-03-17 00:00:00.000,11:53:53.0000000,1 Dollar u.s.a.,9.327,10.3088
2022-03-16 15:03:12.000,2022-03-16 00:00:00.000,11:53:13.0000000,1 Dollar u.s.a.,9.3515,10.3359
2022-03-16 10:21:58.000,2022-03-16 00:00:00.000,08:30:00.0000000,1 Dollar u.s.a.,9.365,10.3508
2022-03-15 15:03:31.000,2022-03-15 00:00:00.000,08:30:00.0000000,1 Dollar u.s.a.,9.3487,10.3328
2022-03-15 15:03:31.000,2022-03-15 00:00:00.000,11:53:07.0000000,1 Dollar u.s.a.,9.3505,10.3348
2022-03-14 15:03:46.000,2022-03-14 00:00:00.000,08:30:00.0000000,1 Dollar u.s.a.,9.3879,10.3761
2022-03-14 15:03:46.000,2022-03-14 00:00:00.000,11:53:13.0000000,1 Dollar u.s.a.,9.3681,10.3542
2022-03-11 15:03:29.000,2022-03-11 00:00:00.000,08:30:00.0000000,1 Dollar u.s.a.,9.351,10.3353
2022-03-10 15:02:37.000,2022-03-10 00:00:00.000,08:30:00.0000000,1 Dollar u.s.a.,9.3175,10.2983
2022-03-10 15:02:37.000,2022-03-10 00:00:00.000,11:54:13.0000000,1 Dollar u.s.a.,9.3322,10.3145
2022-03-09 15:02:56.000,2022-03-09 00:00:00.000,08:30:00.0000000,1 Dollar u.s.a.,9.3921,10.3807
2022-03-09 15:02:56.000,2022-03-09 00:00:00.000,11:53:17.0000000,1 Dollar u.s.a.,9.3609,10.3462
2022-03-09 15:02:50.000,2022-03-08 00:00:00.000,08:30:00.0000000,1 Dollar u.s.a.,9.412,10.4027
2022-03-07 15:02:51.000,2022-03-07 00:00:00.000,08:30:00.0000000,1 Dollar u.s.a.,9.4109,10.4015
2022-03-07 15:02:51.000,2022-03-07 00:00:00.000,11:54:01.0000000,1 Dollar u.s.a.,9.4372,10.4306
2022-03-04 15:03:48.000,2022-03-04 00:00:00.000,08:30:00.0000000,1 Dollar u.s.a.,9.3438,10.3273
2022-03-04 15:03:48.000,2022-03-04 00:00:00.000,11:54:18.0000000,1 Dollar u.s.a.,9.3482,10.3322
2022-03-03 15:02:33.000,2022-03-03 00:00:00.000,08:30:00.0000000,1 Dollar u.s.a.,9.2978,10.2765
2022-03-03 15:02:33.000,2022-03-03 00:00:00.000,11:54:12.0000000,1 Dollar u.s.a.,9.3042,10.2835
2022-03-03 15:02:27.000,2022-03-02 00:00:00.000,08:30:00.0000000,1 Dollar u.s.a.,9.297,10.2756
2022-03-03 15:02:27.000,2022-03-02 00:00:00.000,11:54:15.0000000,1 Dollar u.s.a.,9.298,10.2767
2022-03-01 15:02:57.000,2022-03-01 00:00:00.000,08:30:00.0000000,1 Dollar u.s.a.,9.2365,10.2088
2022-03-01 15:02:57.000,2022-03-01 00:00:00.000,11:53:59.0000000,1 Dollar u.s.a.,9.2552,10.2295
2022-02-28 15:02:46.000,2022-02-28 00:00:00.000,08:30:00.0000000,1 Dollar u.s.a.,9.2557,10.23
2022-02-28 15:02:46.000,2022-02-28 00:00:00.000,11:54:07.0000000,1 Dollar u.s.a.,9.2502,10.2239
2022-02-25 15:03:02.000,2022-02-25 00:00:00.000,08:30:00.0000000,1 Dollar u.s.a.,9.2416,10.2144
2022-02-25 15:03:02.000,2022-02-25 00:00:00.000,11:56:11.0000000,1 Dollar u.s.a.,9.2588,10.2334
2022-02-25 15:02:57.000,2022-02-24 00:00:00.000,08:30:00.0000000,1 Dollar u.s.a.,9.2279,10.1993
2022-02-25 15:02:57.000,2022-02-24 00:00:00.000,11:54:30.0000000,1 Dollar u.s.a.,9.2598,10.2345
2022-02-25 15:02:51.000,2022-02-23 00:00:00.000,08:30:00.0000000,1 Dollar u.s.a.,9.1848,10.1516
2022-02-25 15:02:51.000,2022-02-23 00:00:00.000,11:54:04.0000000,1 Dollar u.s.a.,9.1693,10.1345
2022-02-22 15:03:46.000,2022-02-22 00:00:00.000,08:30:00.0000000,1 Dollar u.s.a.,9.1973,10.1654
2022-02-22 15:03:46.000,2022-02-22 00:00:00.000,11:54:18.0000000,1 Dollar u.s.a.,9.1679,10.1329
2022-02-21 15:02:50.000,2022-02-21 00:00:00.000,08:30:00.0000000,1 Dollar u.s.a.,9.1584,10.1225
2022-02-21 15:02:50.000,2022-02-21 00:00:00.000,11:54:08.0000000,1 Dollar u.s.a.,9.1671,10.1321
2022-02-18 17:56:45.000,2022-02-18 00:00:00.000,08:30:00.0000000,1 Dollar u.s.a.,9.1614,10.1258
2022-02-18 17:56:45.000,2022-02-18 00:00:00.000,11:54:13.0000000,1 Dollar u.s.a.,9.1651,10.1299
2022-02-17 15:02:19.000,2022-02-17 00:00:00.000,08:30:00.0000000,1 Dollar u.s.a.,9.1654,10.1301
2022-02-17 15:02:19.000,2022-02-17 00:00:00.000,11:58:55.0000000,1 Dollar u.s.a.,9.1584,10.1225
2022-02-16 15:02:27.000,2022-02-16 00:00:00.000,08:30:00.0000000,1 Dollar u.s.a.,9.1634,10.1279
2022-02-16 15:02:27.000,2022-02-16 00:00:00.000,11:54:24.0000000,1 Dollar u.s.a.,9.154,10.1175
2022-02-15 15:02:19.000,2022-02-15 00:00:00.000,08:30:00.0000000,1 Dollar u.s.a.,9.1848,10.1516
2022-02-14 15:02:52.000,2022-02-14 00:00:00.000,08:30:00.0000000,1 Dollar u.s.a.,9.1731,10.1387
2022-02-14 15:02:52.000,2022-02-14 00:00:00.000,11:51:19.0000000,1 Dollar u.s.a.,9.189,10.1563
2022-02-11 15:02:26.000,2022-02-11 00:00:00.000,08:30:00.0000000,1 Dollar u.s.a.,9.1554,10.1192
2022-02-11 15:02:26.000,2022-02-11 00:00:00.000,11:52:34.0000000,1 Dollar u.s.a.,9.1483,10.1112
2022-02-10 15:02:42.000,2022-02-10 00:00:00.000,08:30:00.0000000,1 Dollar u.s.a.,9.1366,10.0984
2022-02-10 15:02:42.000,2022-02-10 00:00:00.000,11:51:47.0000000,1 Dollar u.s.a.,9.1277,10.0886
2022-02-09 15:03:23.000,2022-02-09 00:00:00.000,08:30:00.0000000,1 Dollar u.s.a.,9.1403,10.1025
2022-02-09 15:03:23.000,2022-02-09 00:00:00.000,11:51:28.0000000,1 Dollar u.s.a.,9.1248,10.0853
2022-02-08 15:02:34.000,2022-02-08 00:00:00.000,08:30:00.0000000,1 Dollar u.s.a.,9.1465,10.1093
2022-02-08 15:02:34.000,2022-02-08 00:00:00.000,11:51:24.0000000,1 Dollar u.s.a.,9.1361,10.0978
2022-02-07 15:02:44.000,2022-02-07 00:00:00.000,08:30:00.0000000,1 Dollar u.s.a.,9.1319,10.0932
2022-02-07 15:02:44.000,2022-02-07 00:00:00.000,11:51:23.0000000,1 Dollar u.s.a.,9.1376,10.0995
2022-02-04 15:02:20.000,2022-02-04 00:00:00.000,08:30:00.0000000,1 Dollar u.s.a.,9.1189,10.0788
2022-02-04 15:02:20.000,2022-02-04 00:00:00.000,11:51:36.0000000,1 Dollar u.s.a.,9.1169,10.0766
2022-02-03 15:02:15.000,2022-02-03 00:00:00.000,08:30:00.0000000,1 Dollar u.s.a.,9.2013,10.1699
2022-02-05 15:02:08.000,2022-02-03 00:00:00.000,11:53:08.0000000,1 Dollar u.s.a.,9.2063,10.1754
2022-02-02 15:46:01.000,2022-02-02 00:00:00.000,08:30:00.0000000,1 Dollar u.s.a.,9.2078,10.1771
2022-02-02 15:46:01.000,2022-02-02 00:00:00.000,11:53:30.0000000,1 Dollar u.s.a.,9.1915,10.1591
2022-02-01 15:02:41.000,2022-02-01 00:00:00.000,08:30:00.0000000,1 Dollar u.s.a.,9.2259,10.1971
2022-02-01 15:02:41.000,2022-02-01 00:00:00.000,11:51:43.0000000,1 Dollar u.s.a.,9.2161,10.1862
2022-01-31 15:02:39.000,2022-01-31 00:00:00.000,08:30:00.0000000,1 Dollar u.s.a.,9.2654,10.2407
2022-01-31 15:02:39.000,2022-01-31 00:00:00.000,11:51:35.0000000,1 Dollar u.s.a.,9.2616,10.2365
2022-01-28 15:02:22.000,2022-01-28 00:00:00.000,08:30:00.0000000,1 Dollar u.s.a.,9.2817,10.2587
2022-01-28 15:02:22.000,2022-01-28 00:00:00.000,11:51:48.0000000,1 Dollar u.s.a.,9.2801,10.257
2022-01-27 15:02:20.000,2022-01-27 00:00:00.000,08:30:00.0000000,1 Dollar u.s.a.,9.2411,10.2138
2022-01-27 15:02:20.000,2022-01-27 00:00:00.000,11:51:34.0000000,1 Dollar u.s.a.,9.2509,10.2247
2022-01-26 15:02:47.000,2022-01-26 00:00:00.000,09:04:29.0000000,1 Dollar u.s.a.,9.201,10.1696
2022-01-26 15:02:47.000,2022-01-26 00:00:00.000,11:54:00.0000000,1 Dollar u.s.a.,9.2068,10.176
2022-01-25 12:27:14.000,2022-01-25 00:00:00.000,08:30:00.0000000,1 Dollar u.s.a.,9.1898,10.1571
2022-01-25 12:27:14.000,2022-01-25 00:00:00.000,11:51:52.0000000,1 Dollar u.s.a.,9.2036,10.1724
2022-01-25 02:32:57.000,2022-01-24 00:00:00.000,08:30:00.0000000,1 Dollar u.s.a.,9.1828,10.1494
2022-01-25 02:32:57.000,2022-01-24 00:00:00.000,11:51:10.0000000,1 Dollar u.s.a.,9.1858,10.1527
2022-01-21 13:27:11.000,2022-01-21 00:00:00.000,08:30:00.0000000,1 Dollar u.s.a.,9.1788,10.145
2022-01-21 13:27:11.000,2022-01-21 00:00:00.000,11:51:41.0000000,1 Dollar u.s.a.,9.1771,10.1431
2022-01-21 13:27:05.000,2022-01-20 00:00:00.000,08:30:00.0000000,1 Dollar u.s.a.,9.1676,10.1326
2022-01-21 13:27:05.000,2022-01-20 00:00:00.000,11:51:04.0000000,1 Dollar u.s.a.,9.1736,10.1392
2022-01-21 13:26:59.000,2022-01-19 00:00:00.000,08:30:00.0000000,1 Dollar u.s.a.,9.1768,10.1428
2022-01-21 13:26:59.000,2022-01-19 00:00:00.000,11:51:10.0000000,1 Dollar u.s.a.,9.1726,10.1381
2022-01-21 13:26:53.000,2022-01-18 00:00:00.000,08:30:00.0000000,1 Dollar u.s.a.,9.1495,10.1126
2022-01-21 13:26:53.000,2022-01-18 00:00:00.000,11:52:08.0000000,1 Dollar u.s.a.,9.1505,10.1137
2022-01-21 13:26:47.000,2022-01-17 00:00:00.000,08:30:00.0000000,1 Dollar u.s.a.,9.1347,10.0962
2022-01-21 13:26:47.000,2022-01-17 00:00:00.000,11:51:24.0000000,1 Dollar u.s.a.,9.1371,10.0989
2022-01-21 13:26:29.000,2022-01-14 00:00:00.000,08:30:00.0000000,1 Dollar u.s.a.,9.114,10.0733
2022-01-21 13:26:29.000,2022-01-14 00:00:00.000,11:53:09.0000000,1 Dollar u.s.a.,9.1191,10.079
2022-01-21 13:26:24.000,2022-01-13 00:00:00.000,08:30:00.0000000,1 Dollar u.s.a.,9.1218,10.082
2022-01-21 13:26:24.000,2022-01-13 00:00:00.000,11:52:34.0000000,1 Dollar u.s.a.,9.1162,10.0758
2022-01-21 13:26:18.000,2022-01-12 00:00:00.000,08:30:00.0000000,1 Dollar u.s.a.,9.1676,10.1326
2022-01-21 13:26:18.000,2022-01-12 00:00:00.000,11:51:42.0000000,1 Dollar u.s.a.,9.1669,10.1318
2022-01-21 13:26:06.000,2022-01-10 00:00:00.000,08:30:00.0000000,1 Dollar u.s.a.,9.1803,10.1467
2022-01-21 13:26:06.000,2022-01-10 00:00:00.000,11:51:59.0000000,1 Dollar u.s.a.,9.1823,10.1489
2022-01-21 13:25:48.000,2022-01-07 00:00:00.000,08:30:00.0000000,1 Dollar u.s.a.,9.1943,10.1621
2022-01-21 13:25:48.000,2022-01-07 00:00:00.000,11:51:41.0000000,1 Dollar u.s.a.,9.1935,10.1613
2022-01-21 13:25:42.000,2022-01-06 00:00:00.000,08:30:00.0000000,1 Dollar u.s.a.,9.2003,10.1688
2022-01-21 13:25:42.000,2022-01-06 00:00:00.000,11:51:45.0000000,1 Dollar u.s.a.,9.1913,10.1588
2022-01-21 13:25:36.000,2022-01-05 00:00:00.000,08:30:00.0000000,1 Dollar u.s.a.,9.196,10.1641
2022-01-21 13:25:36.000,2022-01-05 00:00:00.000,11:53:23.0000000,1 Dollar u.s.a.,9.1923,10.1599
2022-01-21 13:25:30.000,2022-01-04 00:00:00.000,08:30:00.0000000,1 Dollar u.s.a.,9.2033,10.1721
2022-01-21 13:25:30.000,2022-01-04 00:00:00.000,11:52:28.0000000,1 Dollar u.s.a.,9.1973,10.1654
2022-01-21 13:25:24.000,2022-01-03 00:00:00.000,08:30:00.0000000,1 Dollar u.s.a.,9.1788,10.145
2022-01-21 13:25:24.000,2022-01-03 00:00:00.000,11:51:51.0000000,1 Dollar u.s.a.,9.1689,10.134
2022-01-21 13:25:06.000,2021-12-31 00:00:00.000,08:30:00.0000000,1 Dollar u.s.a.,9.1903,10.1577
2022-01-21 13:25:06.000,2021-12-31 00:00:00.000,11:51:45.0000000,1 Dollar u.s.a.,9.1858,10.1527
2022-01-21 13:25:00.000,2021-12-30 00:00:00.000,08:30:00.0000000,1 Dollar u.s.a.,9.1885,10.1558
2022-01-21 13:25:00.000,2021-12-30 00:00:00.000,11:51:47.0000000,1 Dollar u.s.a.,9.1888,10.156
2022-01-21 13:24:54.000,2021-12-29 00:00:00.000,08:30:00.0000000,1 Dollar u.s.a.,9.1958,10.1638
2022-01-21 13:24:54.000,2021-12-29 00:00:00.000,11:51:43.0000000,1 Dollar u.s.a.,9.2038,10.1726
2022-01-21 13:24:48.000,2021-12-28 00:00:00.000,08:30:00.0000000,1 Dollar u.s.a.,9.185,10.1519
2022-01-21 13:24:48.000,2021-12-28 00:00:00.000,11:52:26.0000000,1 Dollar u.s.a.,9.1821,10.1486
2022-01-21 13:24:42.000,2021-12-27 00:00:00.000,08:30:00.0000000,1 Dollar u.s.a.,9.1853,10.1522
2022-01-21 13:24:42.000,2021-12-27 00:00:00.000,11:52:10.0000000,1 Dollar u.s.a.,9.1868,10.1538
2022-01-21 13:24:24.000,2021-12-24 00:00:00.000,08:30:00.0000000,1 Dollar u.s.a.,9.18,10.1464
2022-01-21 13:24:24.000,2021-12-24 00:00:00.000,11:54:00.0000000,1 Dollar u.s.a.,9.1776,10.1436
2022-01-21 13:24:18.000,2021-12-23 00:00:00.000,08:30:00.0000000,1 Dollar u.s.a.,9.1793,10.1456
2022-01-21 13:24:18.000,2021-12-23 00:00:00.000,11:53:34.0000000,1 Dollar u.s.a.,9.1821,10.1486
2022-01-21 13:24:12.000,2021-12-22 00:00:00.000,08:30:00.0000000,1 Dollar u.s.a.,9.2136,10.1834
2022-01-21 13:24:12.000,2021-12-22 00:00:00.000,11:52:33.0000000,1 Dollar u.s.a.,9.1991,10.1674
