SEANCE,TAUX MOYEN PONDERE,VOLUME JJ,ENCOURS
2023-12-07 00:00:00.000,3.0,2199.0,7769
2023-12-06 00:00:00.000,3.0,2389.0,7669
2023-12-05 00:00:00.000,3.0,3022.0,8302
2023-12-04 00:00:00.000,3.0,4703.0,9833
2023-12-03 00:00:00.000,3.0,0.0,7999
2023-12-02 00:00:00.000,3.0,0.0,7999
2023-12-01 00:00:00.000,3.0,2869.0,7999
2023-11-30 00:00:00.000,3.0,1760.0,7030
2023-11-29 00:00:00.000,3.0,1533.0,6633
2023-11-28 00:00:00.000,3.0,2040.0,7840
2023-11-27 00:00:00.000,3.0,1886.0,7686
2023-11-26 00:00:00.000,3.0,0.0,7452
2023-11-25 00:00:00.000,3.0,0.0,7452
2023-11-24 00:00:00.000,3.0,1772.0,7452
2023-11-23 00:00:00.000,3.002,2044.0,7724
2023-11-22 00:00:00.000,3.0,1899.0,7079
2023-11-21 00:00:00.000,3.0,2117.0,7197
2023-11-20 00:00:00.000,3.0,1797.0,6877
2023-11-19 00:00:00.000,3.0,0.0,7184
2023-11-18 00:00:00.000,3.0,0.0,7184
2023-11-17 00:00:00.000,3.0,2104.0,7184
2023-11-16 00:00:00.000,3.0,2330.0,7410
2023-11-15 00:00:00.000,3.0,3652.0,8432
2023-11-14 00:00:00.000,3.0,2322.0,6802
2023-11-13 00:00:00.000,3.0,2260.0,7140
2023-11-12 00:00:00.000,3.0,0.0,6843
2023-11-11 00:00:00.000,3.0,0.0,6843
2023-11-10 00:00:00.000,3.0,1963.0,6843
2023-11-09 00:00:00.000,3.0,2549.0,7329
2023-11-08 00:00:00.000,3.001,2281.0,7061
2023-11-07 00:00:00.000,3.0,1831.0,6311
2023-11-06 00:00:00.000,3.0,0.0,5927
2023-11-05 00:00:00.000,3.0,0.0,5927
2023-11-04 00:00:00.000,3.0,0.0,5927
2023-11-03 00:00:00.000,3.0,1847.0,5927
2023-11-02 00:00:00.000,3.0,1705.0,5785
2023-11-01 00:00:00.000,3.0,2729.0,6509
2023-10-31 00:00:00.000,3.0,1565.0,6015
2023-10-30 00:00:00.000,3.0,2980.0,7380
2023-10-29 00:00:00.000,3.0,0.0,7038
2023-10-28 00:00:00.000,3.0,0.0,7038
2023-10-27 00:00:00.000,3.0,2638.0,7038
2023-10-26 00:00:00.000,3.0,2901.0,7101
2023-10-25 00:00:00.000,3.0,1446.0,5646
2023-10-24 00:00:00.000,3.0,1432.0,5632
2023-10-23 00:00:00.000,3.0,1223.0,5423
2023-10-22 00:00:00.000,3.0,0.0,5188
2023-10-21 00:00:00.000,3.0,0.0,5188
2023-10-20 00:00:00.000,3.0,1788.0,5188
2023-10-19 00:00:00.000,3.0,2381.0,5781
2023-10-18 00:00:00.000,3.0,3193.0,6593
2023-10-17 00:00:00.000,3.0,3042.0,6442
2023-10-16 00:00:00.000,3.0,3694.0,7724
2023-10-15 00:00:00.000,3.0,0.0,7370
2023-10-13 00:00:00.000,3.0,3340.0,7370
2023-10-12 00:00:00.000,3.0,2928.0,6758
2023-10-11 00:00:00.000,3.0,3013.0,6743
2023-10-10 00:00:00.000,3.0,4245.0,7975
2023-10-09 00:00:00.000,3.0,2861.0,6581
2023-10-08 00:00:00.000,3.0,0.0,6059
2023-10-07 00:00:00.000,3.0,0.0,6059
2023-10-06 00:00:00.000,3.0,2339.0,6059
2023-10-05 00:00:00.000,3.0,2212.0,5932
2023-10-04 00:00:00.000,3.0,3115.0,7275
2023-10-03 00:00:00.000,3.002,4969.0,9129
2023-10-02 00:00:00.000,3.0,5063.0,9183
2023-10-01 00:00:00.000,3.0,0.0,9193
2023-09-30 00:00:00.000,3.0,0.0,9193
2023-09-29 00:00:00.000,3.0,0.0,9193
2023-09-28 00:00:00.000,3.0,0.0,9193
2023-09-27 00:00:00.000,3.0,4983.0,9193
2023-09-26 00:00:00.000,3.002,5435.0,11285
2023-09-25 00:00:00.000,3.007,4306.0,9926
2023-09-24 00:00:00.000,3.0,0.0,10136
2023-09-23 00:00:00.000,3.0,0.0,10136
2023-09-22 00:00:00.000,3.0,6016.0,10136
2023-09-21 00:00:00.000,3.0,4438.0,8658
2023-09-20 00:00:00.000,3.0,2556.0,7681
2023-09-19 00:00:00.000,3.0,3158.0,8283
2023-09-18 00:00:00.000,3.0,2904.0,8029
2023-09-17 00:00:00.000,3.0,0.0,7742
2023-09-16 00:00:00.000,3.0,0.0,7742
2023-09-15 00:00:00.000,3.0,3072.0,7742
2023-09-14 00:00:00.000,3.0,2011.0,6711
2023-09-13 00:00:00.000,3.001,4240.0,8940
2023-09-12 00:00:00.000,3.0,2258.0,6958
2023-09-11 00:00:00.000,3.0,2177.0,6877
2023-09-10 00:00:00.000,3.0,0.0,7742
2023-09-09 00:00:00.000,3.0,0.0,7742
2023-09-08 00:00:00.000,3.0,3032.0,7742
2023-09-07 00:00:00.000,3.0,3047.0,7757
2023-09-06 00:00:00.000,3.0,3572.0,9422
2023-09-05 00:00:00.000,3.0,2877.0,8727
2023-09-04 00:00:00.000,3.0,3556.0,9046
2023-09-03 00:00:00.000,3.0,0.0,8345
2023-09-02 00:00:00.000,3.0,0.0,8345
2023-09-01 00:00:00.000,3.0,4055.0,8345
2023-08-31 00:00:00.000,3.0,2227.0,6447
2023-08-30 00:00:00.000,3.0,2597.0,6697
2023-08-29 00:00:00.000,3.0,2635.0,6735
2023-08-28 00:00:00.000,3.0,2374.0,6774
2023-08-27 00:00:00.000,3.0,0.0,7578
2023-08-26 00:00:00.000,3.0,0.0,7578
2023-08-25 00:00:00.000,3.0,2388.0,7578
2023-08-24 00:00:00.000,3.0,1880.0,7070
2023-08-23 00:00:00.000,3.0,2211.0,7411
2023-08-22 00:00:00.000,3.0,2098.0,7298
2023-08-21 00:00:00.000,3.0,0.0,6766
2023-08-20 00:00:00.000,3.0,0.0,6766
2023-08-19 00:00:00.000,3.0,0.0,6766
2023-08-18 00:00:00.000,3.0,1566.0,6766
2023-08-17 00:00:00.000,3.0,1869.0,7219
2023-08-16 00:00:00.000,3.0,2378.0,7278
2023-08-15 00:00:00.000,3.0,1536.0,6236
2023-08-14 00:00:00.000,3.0,0.0,7058
2023-08-13 00:00:00.000,3.0,0.0,7058
2023-08-12 00:00:00.000,3.0,0.0,7058
2023-08-11 00:00:00.000,3.0,2388.0,7058
2023-08-10 00:00:00.000,3.0,1958.0,6628
2023-08-09 00:00:00.000,3.0,4202.0,9972
2023-08-08 00:00:00.000,3.0,3494.0,8764
2023-08-07 00:00:00.000,3.0,2009.0,7509
2023-08-06 00:00:00.000,3.0,0.0,7279
2023-08-05 00:00:00.000,3.0,0.0,7279
2023-08-04 00:00:00.000,3.0,1779.0,7279
2023-08-03 00:00:00.000,3.0,2361.0,7511
2023-08-02 00:00:00.000,3.0,2387.0,7937
2023-08-01 00:00:00.000,3.0,2345.0,8295
2023-07-31 00:00:00.000,3.0,3185.0,7845
2023-07-30 00:00:00.000,3.0,0.0,8515
2023-07-29 00:00:00.000,3.0,0.0,8515
2023-07-28 00:00:00.000,3.0,2655.0,8515
2023-07-27 00:00:00.000,3.0,2868.0,8728
2023-07-26 00:00:00.000,3.0,4034.0,9894
2023-07-25 00:00:00.000,3.0,3117.0,8977
2023-07-24 00:00:00.000,3.0,3231.0,9091
2023-07-23 00:00:00.000,3.0,0.0,9347
2023-07-22 00:00:00.000,3.0,0.0,9347
2023-07-21 00:00:00.000,3.0,3437.0,9347
2023-07-20 00:00:00.000,3.0,3915.0,9510
2023-07-19 00:00:00.000,3.0,0.0,9478
2023-07-18 00:00:00.000,3.0,3533.0,9478
2023-07-17 00:00:00.000,3.0,3315.0,9105
2023-07-16 00:00:00.000,3.0,0.0,9092
2023-07-15 00:00:00.000,3.0,0.0,9092
2023-07-14 00:00:00.000,3.0,3402.0,9092
2023-07-13 00:00:00.000,3.0,3030.0,8720
2023-07-12 00:00:00.000,3.0,3771.0,9961
2023-07-11 00:00:00.000,3.0,3041.0,9231
2023-07-10 00:00:00.000,3.0,3587.0,9827
2023-07-09 00:00:00.000,3.0,0.0,11969
2023-07-08 00:00:00.000,3.0,0.0,11969
2023-07-07 00:00:00.000,3.0,4829.0,11969
2023-07-06 00:00:00.000,3.0,4106.0,11246
2023-07-05 00:00:00.000,3.0,4291.0,10831
2023-07-04 00:00:00.000,3.003,5576.0,11816
2023-07-03 00:00:00.000,3.003,6657.0,12897
2023-07-02 00:00:00.000,3.0,0.0,11038
2023-07-01 00:00:00.000,3.0,0.0,11038
2023-06-30 00:00:00.000,3.0,0.0,11038
2023-06-29 00:00:00.000,3.0,0.0,11038
2023-06-28 00:00:00.000,3.0,3768.0,11038
2023-06-27 00:00:00.000,3.0,2598.0,8808
2023-06-26 00:00:00.000,3.0,2875.0,8085
2023-06-25 00:00:00.000,3.0,0.0,6371
2023-06-24 00:00:00.000,3.0,0.0,6371
2023-06-23 00:00:00.000,3.0,1201.0,6371
2023-06-22 00:00:00.000,3.0,1832.0,7102
2023-06-21 00:00:00.000,3.0,3462.0,8532
2023-06-20 00:00:00.000,3.0,5457.0,10527
2023-06-19 00:00:00.000,3.002,3298.0,8318
2023-06-18 00:00:00.000,3.0,0.0,8818
2023-06-17 00:00:00.000,3.0,0.0,8818
2023-06-16 00:00:00.000,3.0,3698.0,8818
2023-06-15 00:00:00.000,3.0,3594.0,8714
2023-06-14 00:00:00.000,3.0,5603.0,11573
2023-06-13 00:00:00.000,3.002,4641.0,10511
2023-06-12 00:00:00.000,3.005,3839.0,9709
2023-06-11 00:00:00.000,3.0,0.0,9987
2023-06-10 00:00:00.000,3.0,0.0,9987
2023-06-09 00:00:00.000,3.0,3917.0,9987
2023-06-08 00:00:00.000,3.0,2970.0,9190
2023-06-07 00:00:00.000,3.0,2976.0,9496
2023-06-06 00:00:00.000,3.0,3925.0,10295
2023-06-05 00:00:00.000,3.0,3268.0,9458
2023-06-04 00:00:00.000,3.0,0.0,8899
2023-06-03 00:00:00.000,3.0,0.0,8899
2023-06-02 00:00:00.000,3.0,2709.0,8899
2023-06-01 00:00:00.000,3.0,3153.0,9343
2023-05-31 00:00:00.000,3.006,5380.0,12540
2023-05-30 00:00:00.000,3.0,4457.0,11477
2023-05-29 00:00:00.000,3.0,2537.0,9097
2023-05-28 00:00:00.000,3.0,0.0,8735
2023-05-27 00:00:00.000,3.0,0.0,8735
2023-05-26 00:00:00.000,3.0,2175.0,8735
2023-05-25 00:00:00.000,3.0,2899.0,9459
2023-05-24 00:00:00.000,3.0,2966.0,8526
2023-05-23 00:00:00.000,3.0,2285.0,7805
2023-05-22 00:00:00.000,3.0,2963.0,8483
2023-05-21 00:00:00.000,3.0,0.0,8167
2023-05-20 00:00:00.000,3.0,0.0,8167
2023-05-19 00:00:00.000,3.0,2547.0,8167
2023-05-18 00:00:00.000,3.0,2676.0,8226
2023-05-17 00:00:00.000,3.0,3015.0,8565
2023-05-16 00:00:00.000,3.0,3718.0,9268
2023-05-15 00:00:00.000,3.0,5309.0,10859
2023-05-14 00:00:00.000,3.0,0.0,8043
2023-05-13 00:00:00.000,3.0,0.0,8043
2023-05-12 00:00:00.000,3.0,2723.0,8043
2023-05-11 00:00:00.000,3.0,3063.0,8383
2023-05-10 00:00:00.000,3.0,3026.0,8946
2023-05-09 00:00:00.000,3.0,3054.0,9214
2023-05-08 00:00:00.000,3.0,3034.0,8664
2023-05-07 00:00:00.000,3.0,0.0,9305
2023-05-06 00:00:00.000,3.0,0.0,9305
2023-05-05 00:00:00.000,3.0,3675.0,9305
2023-05-04 00:00:00.000,3.0,4526.0,8856
2023-05-03 00:00:00.000,3.0,5505.0,9885
2023-05-02 00:00:00.000,3.0,6606.0,10986
2023-05-01 00:00:00.000,3.0,0.0,7624
2023-04-30 00:00:00.000,3.0,0.0,7624
2023-04-29 00:00:00.000,3.0,0.0,7624
2023-04-28 00:00:00.000,3.0,3744.0,7624
2023-04-27 00:00:00.000,3.0,3941.0,8821
2023-04-26 00:00:00.000,3.0,4862.0,9742
2023-04-25 00:00:00.000,3.0,5836.0,10816
2023-04-24 00:00:00.000,3.0,0.0,10646
2023-04-23 00:00:00.000,3.0,0.0,10646
2023-04-22 00:00:00.000,3.0,0.0,10646
2023-04-21 00:00:00.000,3.0,3741.0,10646
2023-04-20 00:00:00.000,3.001,3475.0,10440
2023-04-19 00:00:00.000,3.0,4040.0,9130
2023-04-18 00:00:00.000,3.0,4035.0,8875
2023-04-17 00:00:00.000,3.0,4648.0,9238
2023-04-16 00:00:00.000,3.001,0.0,8664
2023-04-15 00:00:00.000,3.001,0.0,8664
2023-04-14 00:00:00.000,3.001,4024.0,8664
2023-04-13 00:00:00.000,3.0,4165.0,8805
2023-04-12 00:00:00.000,3.0,3326.0,7966
2023-04-11 00:00:00.000,3.0,2564.0,7204
2023-04-10 00:00:00.000,3.0,3049.0,7689
2023-04-09 00:00:00.000,3.0,0.0,8637
2023-04-08 00:00:00.000,3.0,0.0,8637
2023-04-07 00:00:00.000,3.0,4247.0,8637
2023-04-06 00:00:00.000,3.0,3143.0,7533
2023-04-05 00:00:00.000,3.0,2712.0,7752
2023-04-04 00:00:00.000,3.0,2302.0,7342
2023-04-03 00:00:00.000,3.0,2513.0,7553
2023-04-02 00:00:00.000,3.0,0.0,10092
2023-04-01 00:00:00.000,3.0,0.0,10092
2023-03-31 00:00:00.000,3.0,4832.0,10092
2023-03-30 00:00:00.000,3.0,2407.0,7867
2023-03-29 00:00:00.000,3.0,5123.0,9513
2023-03-28 00:00:00.000,3.0,4136.0,8406
2023-03-27 00:00:00.000,3.0,4663.0,8933
2023-03-26 00:00:00.000,3.0,0.0,8179
2023-03-25 00:00:00.000,3.0,0.0,8179
2023-03-24 00:00:00.000,3.0,3159.0,8179
2023-03-23 00:00:00.000,3.0,3949.0,8469
2023-03-22 00:00:00.000,3.0,3933.0,9253
2023-03-21 00:00:00.000,2.5,3105.0,7315
2023-03-20 00:00:00.000,2.5,3427.0,7837
2023-03-19 00:00:00.000,2.5,0.0,8084
2023-03-18 00:00:00.000,2.5,0.0,8084
2023-03-17 00:00:00.000,2.5,3274.0,8084
2023-03-16 00:00:00.000,2.5,4903.0,10203
2023-03-15 00:00:00.000,2.5,4199.0,10569
2023-03-14 00:00:00.000,2.5,2467.0,8677
2023-03-13 00:00:00.000,2.5,2568.0,8816
2023-03-12 00:00:00.000,2.5,0.0,8316
2023-03-11 00:00:00.000,2.5,0.0,8316
2023-03-10 00:00:00.000,2.5,2108.0,8316
2023-03-09 00:00:00.000,2.5,2499.0,8757
2023-03-08 00:00:00.000,2.5,3274.0,9532
2023-03-07 00:00:00.000,2.5,3354.0,9912
2023-03-06 00:00:00.000,2.5,3828.0,10386
2023-03-05 00:00:00.000,2.5,0.0,8845
2023-03-04 00:00:00.000,2.5,0.0,8845
2023-03-03 00:00:00.000,2.5,2287.0,8845
2023-03-02 00:00:00.000,2.5,2642.0,9480
2023-03-01 00:00:00.000,2.5,3251.0,9139
2023-02-28 00:00:00.000,2.5,2908.0,8646
2023-02-27 00:00:00.000,2.5,4301.0,9341
2023-02-26 00:00:00.000,2.5,0.0,7878
2023-02-25 00:00:00.000,2.5,0.0,7878
2023-02-24 00:00:00.000,2.5,3438.0,7878
2023-02-23 00:00:00.000,2.5,3286.0,7826
2023-02-22 00:00:00.000,2.5,3319.0,6759
2023-02-21 00:00:00.000,2.5,3349.0,7089
2023-02-20 00:00:00.000,2.5,3531.0,7271
2023-02-19 00:00:00.000,2.5,0.0,7129
2023-02-18 00:00:00.000,2.5,0.0,7129
2023-02-17 00:00:00.000,2.5,3269.0,7129
2023-02-16 00:00:00.000,2.5,3458.0,7318
2023-02-15 00:00:00.000,2.503,3999.0,8239
2023-02-14 00:00:00.000,2.5,3421.0,7961
2023-02-13 00:00:00.000,2.5,4052.0,8352
2023-02-12 00:00:00.000,2.5,0.0,9057
2023-02-11 00:00:00.000,2.5,0.0,9057
2023-02-10 00:00:00.000,2.5,4607.0,9057
2023-02-09 00:00:00.000,2.508,5318.0,9768
2023-02-08 00:00:00.000,2.506,4391.0,8841
2023-02-07 00:00:00.000,2.5,3991.0,8891
2023-02-06 00:00:00.000,2.504,5653.0,10553
2023-02-05 00:00:00.000,2.5,0.0,9226
2023-02-04 00:00:00.000,2.5,0.0,9226
2023-02-03 00:00:00.000,2.5,4626.0,9226
2023-02-02 00:00:00.000,2.5,5718.0,10318
2023-02-01 00:00:00.000,2.509,5454.0,12744
2023-01-31 00:00:00.000,2.504,6290.0,13980
2023-01-30 00:00:00.000,2.5,7553.0,15263
2023-01-29 00:00:00.000,2.5,0.0,14089
2023-01-28 00:00:00.000,2.5,0.0,14089
2023-01-27 00:00:00.000,2.5,7429.0,14089
2023-01-26 00:00:00.000,2.5,6654.0,12714
2023-01-25 00:00:00.000,2.5,5345.0,12665
2023-01-24 00:00:00.000,2.5,5196.0,12266
2023-01-23 00:00:00.000,2.5,5115.0,11385
2023-01-22 00:00:00.000,2.5,0.0,11014
2023-01-21 00:00:00.000,2.5,0.0,11014
2023-01-20 00:00:00.000,2.5,4744.0,11014
2023-01-19 00:00:00.000,2.5,5613.0,11883
2023-01-18 00:00:00.000,2.5,5034.0,11254
2023-01-17 00:00:00.000,2.5,5895.0,11365
2023-01-16 00:00:00.000,2.5,5092.0,10562
2023-01-15 00:00:00.000,2.5,0.0,10227
2023-01-14 00:00:00.000,2.5,0.0,10227
2023-01-13 00:00:00.000,2.5,5007.0,10227
2023-01-12 00:00:00.000,2.504,6337.0,11357
2023-01-11 00:00:00.000,2.5,0.0,9358
2023-01-10 00:00:00.000,2.5,4588.0,9358
2023-01-09 00:00:00.000,2.5,4996.0,9766
2023-01-08 00:00:00.000,2.5,0.0,10142
2023-01-07 00:00:00.000,2.5,0.0,10142
2023-01-06 00:00:00.000,2.5,4622.0,10142
2023-01-05 00:00:00.000,2.5,4079.0,9599
2023-01-04 00:00:00.000,2.5,5690.0,10510
2023-01-03 00:00:00.000,2.5,4847.0,9667
2023-01-02 00:00:00.000,2.5,5981.0,11101
2023-01-01 00:00:00.000,2.5,0.0,12977
2022-12-31 00:00:00.000,2.5,0.0,12977
2022-12-30 00:00:00.000,2.5,8757.0,12977
2022-12-29 00:00:00.000,2.503,7755.0,12150
2022-12-28 00:00:00.000,2.5,6621.0,11516
2022-12-27 00:00:00.000,2.5,2908.0,7603
2022-12-26 00:00:00.000,2.5,3495.0,8590
2022-12-25 00:00:00.000,2.5,0.0,10522
2022-12-24 00:00:00.000,2.5,0.0,10522
2022-12-23 00:00:00.000,2.5,5427.0,10522
2022-12-22 00:00:00.000,2.5,3077.0,8292
2022-12-21 00:00:00.000,2.4,9210.0,14100
2022-12-20 00:00:00.000,2.0,9578.0,14588
2022-12-19 00:00:00.000,2.0,10938.0,16148
2022-12-18 00:00:00.000,2.003,0.0,13376
2022-12-17 00:00:00.000,2.003,0.0,13376
2022-12-16 00:00:00.000,2.003,7376.0,13376
2022-12-15 00:00:00.000,2.0,6715.0,12715
2022-12-14 00:00:00.000,2.0,6921.0,14571
2022-12-13 00:00:00.000,2.0,6627.0,14377
2022-12-12 00:00:00.000,2.0,5437.0,13737
2022-12-11 00:00:00.000,2.0,0.0,11485
2022-12-10 00:00:00.000,2.0,0.0,11485
2022-12-09 00:00:00.000,2.0,2985.0,11485
2022-12-08 00:00:00.000,2.0,3152.0,11602
2022-12-07 00:00:00.000,2.0,4937.0,12587
2022-12-06 00:00:00.000,2.0,3561.0,11521
2022-12-05 00:00:00.000,2.0,2710.0,10870
2022-12-04 00:00:00.000,2.0,0.0,10973
2022-12-03 00:00:00.000,2.0,0.0,10973
2022-12-02 00:00:00.000,2.0,2153.0,10973
2022-12-01 00:00:00.000,2.0,1957.0,10937
2022-11-30 00:00:00.000,2.003,3307.0,12317
2022-11-29 00:00:00.000,2.0,2466.0,11326
2022-11-28 00:00:00.000,2.0,1325.0,10055
2022-11-27 00:00:00.000,2.0,0.0,10429
2022-11-26 00:00:00.000,2.0,0.0,10429
2022-11-25 00:00:00.000,2.0,1709.0,10429
2022-11-24 00:00:00.000,2.002,2131.0,10851
2022-11-23 00:00:00.000,2.0,2149.0,11469
2022-11-22 00:00:00.000,2.0,2601.0,11491
2022-11-21 00:00:00.000,2.0,2400.0,11280
2022-11-20 00:00:00.000,2.0,0.0,11518
2022-11-19 00:00:00.000,2.0,0.0,11518
2022-11-18 00:00:00.000,2.0,0.0,11518
2022-11-17 00:00:00.000,2.0,2638.0,11518
2022-11-16 00:00:00.000,2.0,2848.0,10738
2022-11-15 00:00:00.000,2.0,2049.0,10029
2022-11-14 00:00:00.000,2.0,1714.0,9844
2022-11-13 00:00:00.000,2.0,0.0,10334
2022-11-12 00:00:00.000,2.0,0.0,10334
2022-11-11 00:00:00.000,2.0,2204.0,10334
2022-11-10 00:00:00.000,2.0,1832.0,9962
2022-11-09 00:00:00.000,2.0,1715.0,9925
2022-11-08 00:00:00.000,2.0,1838.0,9848
2022-11-07 00:00:00.000,2.0,1896.0,9906
2022-11-06 00:00:00.000,2.0,0.0,9492
2022-11-05 00:00:00.000,2.0,0.0,9492
2022-11-04 00:00:00.000,2.0,1482.0,9492
2022-11-03 00:00:00.000,2.0,2971.0,10971
2022-11-02 00:00:00.000,2.003,4758.0,13658
2022-11-01 00:00:00.000,2.004,3571.0,12581
2022-10-31 00:00:00.000,2.001,2768.0,11998
2022-10-30 00:00:00.000,2.0,0.0,11575
2022-10-29 00:00:00.000,2.0,0.0,11575
2022-10-28 00:00:00.000,2.0,3225.0,11575
2022-10-27 00:00:00.000,2.004,5265.0,13615
2022-10-26 00:00:00.000,2.0,4044.0,12094
2022-10-25 00:00:00.000,2.0,5375.0,12725
2022-10-24 00:00:00.000,2.0,4961.0,11811
2022-10-23 00:00:00.000,2.0,0.0,11108
2022-10-22 00:00:00.000,2.0,0.0,11108
2022-10-21 00:00:00.000,2.0,4458.0,11108
2022-10-20 00:00:00.000,2.0,4684.0,11354
2022-10-19 00:00:00.000,2.0,5406.0,12746
2022-10-18 00:00:00.000,2.0,4709.0,12049
2022-10-17 00:00:00.000,2.0,7464.0,13204
2022-10-16 00:00:00.000,2.01,0.0,10256
2022-10-15 00:00:00.000,2.01,0.0,10256
2022-10-14 00:00:00.000,2.01,4516.0,10256
2022-10-13 00:00:00.000,2.006,4777.0,10497
2022-10-12 00:00:00.000,2.009,4830.0,10550
2022-10-11 00:00:00.000,2.008,5958.0,11578
2022-10-10 00:00:00.000,2.015,0.0,10629
2022-10-09 00:00:00.000,2.015,0.0,10629
2022-10-08 00:00:00.000,2.015,0.0,10629
2022-10-07 00:00:00.000,2.015,5009.0,10629
2022-10-06 00:00:00.000,2.005,6345.0,11845
2022-10-05 00:00:00.000,2.001,5158.0,10658
2022-10-04 00:00:00.000,2.0,5168.0,10548
2022-10-03 00:00:00.000,2.0,7060.0,12390
2022-10-02 00:00:00.000,2.0,0.0,12944
2022-10-01 00:00:00.000,2.0,0.0,12944
2022-09-30 00:00:00.000,2.0,8394.0,12944
2022-09-29 00:00:00.000,2.0,9082.0,15102
2022-09-28 00:00:00.000,2.0,6887.0,13037
2022-09-27 00:00:00.000,1.5,3574.0,9024
2022-09-26 00:00:00.000,1.504,3841.0,9491
2022-09-25 00:00:00.000,1.5,0.0,9701
2022-09-24 00:00:00.000,1.5,0.0,9701
2022-09-23 00:00:00.000,1.5,4101.0,9701
2022-09-22 00:00:00.000,1.5,3476.0,9046
2022-09-21 00:00:00.000,1.5,2876.0,9946
2022-09-20 00:00:00.000,1.5,2692.0,9762
2022-09-19 00:00:00.000,1.5,2864.0,9934
2022-09-18 00:00:00.000,1.5,0.0,9534
2022-09-17 00:00:00.000,1.5,0.0,9534
2022-09-16 00:00:00.000,1.5,2514.0,9534
2022-09-15 00:00:00.000,1.5,2485.0,8885
2022-09-14 00:00:00.000,1.5,2347.0,9097
2022-09-13 00:00:00.000,1.5,2759.0,9509
2022-09-12 00:00:00.000,1.5,2326.0,8926
2022-09-11 00:00:00.000,1.5,0.0,9498
2022-09-10 00:00:00.000,1.5,0.0,9498
2022-09-09 00:00:00.000,1.5,2898.0,9498
2022-09-08 00:00:00.000,1.5,2223.0,8823
2022-09-07 00:00:00.000,1.5,1994.0,7994
2022-09-06 00:00:00.000,1.5,2264.0,8264
2022-09-05 00:00:00.000,1.5,2468.0,8468
2022-09-04 00:00:00.000,1.5,0.0,8291
2022-09-03 00:00:00.000,1.5,0.0,8291
2022-09-02 00:00:00.000,1.5,2291.0,8291
2022-09-01 00:00:00.000,1.5,2478.0,8448
2022-08-31 00:00:00.000,1.5,3924.0,9664
2022-08-30 00:00:00.000,1.5,3600.0,9510
2022-08-29 00:00:00.000,1.5,4368.0,10278
2022-08-28 00:00:00.000,1.5,0.0,8332
2022-08-27 00:00:00.000,1.5,0.0,8332
2022-08-26 00:00:00.000,1.5,2422.0,8332
2022-08-25 00:00:00.000,1.5,2277.0,8437
2022-08-24 00:00:00.000,1.505,2977.0,6907
2022-08-23 00:00:00.000,1.5,3062.0,6622
2022-08-22 00:00:00.000,1.5,4254.0,7814
2022-08-21 00:00:00.000,1.5,0.0,6201
2022-08-20 00:00:00.000,1.5,0.0,6201
2022-08-19 00:00:00.000,1.5,2741.0,6201
2022-08-18 00:00:00.000,1.5,2116.0,5576
2022-08-17 00:00:00.000,1.504,3694.0,7704
2022-08-16 00:00:00.000,1.505,3260.0,7260
2022-08-15 00:00:00.000,1.505,2958.0,6758
2022-08-14 00:00:00.000,1.504,0.0,7470
2022-08-13 00:00:00.000,1.504,0.0,7470
2022-08-12 00:00:00.000,1.504,3970.0,7470
2022-08-11 00:00:00.000,1.5,4512.0,8012
2022-08-10 00:00:00.000,1.5,4029.0,7329
2022-08-09 00:00:00.000,1.5,2757.0,6057
2022-08-08 00:00:00.000,1.5,2439.0,5959
2022-08-07 00:00:00.000,1.5,0.0,5978
2022-08-06 00:00:00.000,1.5,0.0,5978
2022-08-05 00:00:00.000,1.5,2458.0,5978
2022-08-04 00:00:00.000,1.5,1947.0,5867
2022-08-03 00:00:00.000,1.5,4089.0,8809
2022-08-02 00:00:00.000,1.5,3568.0,8158
2022-08-01 00:00:00.000,1.5,3822.0,7992
2022-07-31 00:00:00.000,1.5,0.0,7774
2022-07-30 00:00:00.000,1.5,0.0,7774
2022-07-29 00:00:00.000,1.5,3124.0,7774
2022-07-28 00:00:00.000,1.5,3841.0,8171
2022-07-27 00:00:00.000,1.5,4085.0,8415
2022-07-26 00:00:00.000,1.5,6563.0,10763
2022-07-25 00:00:00.000,1.5,4694.0,9024
2022-07-24 00:00:00.000,1.5,0.0,9062
2022-07-23 00:00:00.000,1.5,0.0,9062
2022-07-22 00:00:00.000,1.5,4732.0,9062
2022-07-21 00:00:00.000,1.5,3252.0,7662
2022-07-20 00:00:00.000,1.5,1615.0,6325
2022-07-19 00:00:00.000,1.5,2808.0,7518
2022-07-18 00:00:00.000,1.5,3147.0,7607
2022-07-17 00:00:00.000,1.5,0.0,8234
2022-07-16 00:00:00.000,1.5,0.0,8234
2022-07-15 00:00:00.000,1.5,3924.0,8234
2022-07-14 00:00:00.000,1.5,2636.0,6976
2022-07-13 00:00:00.000,1.5,2713.0,7053
2022-07-12 00:00:00.000,1.5,3312.0,7652
2022-07-11 00:00:00.000,1.5,0.0,5957
2022-07-10 00:00:00.000,1.5,0.0,5957
2022-07-09 00:00:00.000,1.5,0.0,5957
2022-07-08 00:00:00.000,1.5,1767.0,5957
2022-07-07 00:00:00.000,1.5,2474.0,6654
2022-07-06 00:00:00.000,1.5,1939.0,6369
2022-07-05 00:00:00.000,1.5,1610.0,6040
2022-07-04 00:00:00.000,1.5,1884.0,6264
2022-07-03 00:00:00.000,1.5,0.0,6897
2022-07-02 00:00:00.000,1.5,0.0,6897
2022-07-01 00:00:00.000,1.5,2597.0,6897
2022-06-30 00:00:00.000,1.5,2412.0,6842
2022-06-29 00:00:00.000,1.5,4731.0,6941
2022-06-28 00:00:00.000,1.5,2738.0,5048
2022-06-27 00:00:00.000,1.5,2259.0,4569
2022-06-26 00:00:00.000,1.5,0.0,4438
2022-06-25 00:00:00.000,1.5,0.0,4438
2022-06-24 00:00:00.000,1.5,2128.0,4438
2022-06-23 00:00:00.000,1.5,3282.0,5592
2022-06-22 00:00:00.000,1.5,3054.0,5914
2022-06-21 00:00:00.000,1.5,2394.0,5054
2022-06-20 00:00:00.000,1.5,2551.0,5211
2022-06-19 00:00:00.000,1.5,0.0,6567
2022-06-18 00:00:00.000,1.5,0.0,6567
2022-06-17 00:00:00.000,1.5,3042.0,6567
2022-06-16 00:00:00.000,1.5,3412.0,6937
2022-06-15 00:00:00.000,1.503,5678.0,8253
2022-06-14 00:00:00.000,1.525,5294.0,7869
2022-06-13 00:00:00.000,1.501,5229.0,7339
2022-06-12 00:00:00.000,1.5,0.0,7120
2022-06-11 00:00:00.000,1.5,0.0,7120
2022-06-10 00:00:00.000,1.5,4460.0,7120
2022-06-09 00:00:00.000,1.501,5070.0,8130
2022-06-08 00:00:00.000,1.5,3245.0,5755
2022-06-07 00:00:00.000,1.5,4114.0,6494
2022-06-06 00:00:00.000,1.5,4264.0,6644
2022-06-05 00:00:00.000,1.5,0.0,5738
2022-06-04 00:00:00.000,1.5,0.0,5738
2022-06-03 00:00:00.000,1.5,3358.0,5738
2022-06-02 00:00:00.000,1.5,4489.0,7169
2022-06-01 00:00:00.000,1.5,3080.0,5760
2022-05-31 00:00:00.000,1.5,2545.0,5445
2022-05-30 00:00:00.000,1.5,2685.0,5635
2022-05-29 00:00:00.000,1.5,0.0,7147
2022-05-28 00:00:00.000,1.5,0.0,7147
2022-05-27 00:00:00.000,1.5,4197.0,7147
2022-05-26 00:00:00.000,1.5,3515.0,6995
2022-05-25 00:00:00.000,1.5,4747.0,8797
2022-05-24 00:00:00.000,1.5,3237.0,7587
2022-05-23 00:00:00.000,1.5,3401.0,7351
2022-05-22 00:00:00.000,1.5,0.0,7624
2022-05-21 00:00:00.000,1.5,0.0,7624
2022-05-20 00:00:00.000,1.5,3574.0,7624
2022-05-19 00:00:00.000,1.5,4489.0,8419
2022-05-18 00:00:00.000,1.5,5270.0,9170
2022-05-17 00:00:00.000,1.5,3527.0,7427
2022-05-16 00:00:00.000,1.5,4035.0,7935
2022-05-15 00:00:00.000,1.5,0.0,8771
2022-05-14 00:00:00.000,1.5,0.0,8771
2022-05-13 00:00:00.000,1.5,4841.0,8771
2022-05-12 00:00:00.000,1.5,5198.0,8423
2022-05-11 00:00:00.000,1.5,4265.0,7240
2022-05-10 00:00:00.000,1.502,4352.0,6807
2022-05-09 00:00:00.000,1.503,4315.0,6770
2022-05-08 00:00:00.000,1.502,0.0,8127
2022-05-07 00:00:00.000,1.502,0.0,8127
2022-05-06 00:00:00.000,1.502,4852.0,8127
2022-05-05 00:00:00.000,1.5,5056.0,8331
2022-05-04 00:00:00.000,1.5,4108.0,7328
2022-05-02 00:00:00.000,1.502,0.0,7729
2022-05-01 00:00:00.000,1.502,0.0,7729
2022-04-30 00:00:00.000,1.502,0.0,7729
2022-04-29 00:00:00.000,1.502,4229.0,7729
2022-04-28 00:00:00.000,1.5,3779.0,6799
2022-04-27 00:00:00.000,1.508,4895.0,8315
2022-04-26 00:00:00.000,1.5,4149.0,7529
2022-04-25 00:00:00.000,1.5,4660.0,8040
2022-04-24 00:00:00.000,1.5,0.0,7285
2022-04-23 00:00:00.000,1.5,0.0,7285
2022-04-22 00:00:00.000,1.5,4305.0,7285
2022-04-21 00:00:00.000,1.5,4265.0,7245
2022-04-20 00:00:00.000,1.5,3259.0,6239
2022-04-19 00:00:00.000,1.5,3990.0,6970
2022-04-18 00:00:00.000,1.5,3853.0,6833
2022-04-17 00:00:00.000,1.5,0.0,6549
2022-04-16 00:00:00.000,1.5,0.0,6549
2022-04-15 00:00:00.000,1.5,3569.0,6549
2022-04-14 00:00:00.000,1.5,4611.0,7591
2022-04-13 00:00:00.000,1.5,3682.0,6662
2022-04-12 00:00:00.000,1.503,4999.0,7629
2022-04-11 00:00:00.000,1.501,4321.0,6951
2022-04-10 00:00:00.000,1.501,0.0,6533
2022-04-09 00:00:00.000,1.501,0.0,6533
2022-04-08 00:00:00.000,1.501,3903.0,6533
2022-04-07 00:00:00.000,1.5,4088.0,6918
2022-04-06 00:00:00.000,1.5,2284.0,6084
2022-04-05 00:00:00.000,1.5,2378.0,6178
2022-04-04 00:00:00.000,1.5,2871.0,6671
2022-04-03 00:00:00.000,1.5,0.0,8055
2022-04-02 00:00:00.000,1.5,0.0,8055
2022-04-01 00:00:00.000,1.5,4805.0,8055
2022-03-31 00:00:00.000,1.5,8625.0,11965
2022-03-30 00:00:00.000,1.5,6817.0,11257
2022-03-29 00:00:00.000,1.5,4889.0,9329
2022-03-28 00:00:00.000,1.5,2566.0,6906
2022-03-27 00:00:00.000,1.5,0.0,7558
2022-03-26 00:00:00.000,1.5,0.0,7558
2022-03-25 00:00:00.000,1.5,4218.0,7558
2022-03-24 00:00:00.000,1.5,4702.0,8042
2022-03-23 00:00:00.000,1.5,4579.0,8919
2022-03-22 00:00:00.000,1.502,5007.0,9347
2022-03-21 00:00:00.000,1.501,2961.0,7301
2022-03-20 00:00:00.000,1.5,0.0,7628
2022-03-19 00:00:00.000,1.5,0.0,7628
2022-03-18 00:00:00.000,1.5,4288.0,7628
2022-03-17 00:00:00.000,1.5,4350.0,7995
2022-03-16 00:00:00.000,1.5,3947.0,8622
2022-03-15 00:00:00.000,1.508,3667.0,8222
2022-03-14 00:00:00.000,1.5,5308.0,9963
2022-03-13 00:00:00.000,1.5,0.0,9249
2022-03-12 00:00:00.000,1.5,0.0,9249
2022-03-11 00:00:00.000,1.5,5794.0,9249
2022-03-10 00:00:00.000,1.5,5340.0,8795
2022-03-09 00:00:00.000,1.5,3901.0,8406
2022-03-08 00:00:00.000,1.5,3404.0,7909
2022-03-07 00:00:00.000,1.5,3419.0,7924
2022-03-06 00:00:00.000,1.5,0.0,7722
2022-03-05 00:00:00.000,1.5,0.0,7722
2022-03-04 00:00:00.000,1.5,4217.0,7722
2022-03-03 00:00:00.000,1.5,3682.0,7187
2022-03-02 00:00:00.000,1.5,4324.0,8879
2022-03-01 00:00:00.000,1.5,5026.0,9781
2022-02-28 00:00:00.000,1.502,4549.0,9484
2022-02-27 00:00:00.000,1.501,0.0,8064
2022-02-26 00:00:00.000,1.501,0.0,8064
2022-02-25 00:00:00.000,1.501,4349.0,8064
2022-02-24 00:00:00.000,1.502,5162.0,8877
2022-02-23 00:00:00.000,1.501,3855.0,8820
2022-02-22 00:00:00.000,1.5,4860.0,9725
2022-02-21 00:00:00.000,1.5,4393.0,9258
2022-02-20 00:00:00.000,1.5,0.0,9371
2022-02-19 00:00:00.000,1.5,0.0,9371
2022-02-18 00:00:00.000,1.5,5451.0,9371
2022-02-17 00:00:00.000,1.5,4303.0,8223
2022-02-16 00:00:00.000,1.505,4852.0,10972
2022-02-15 00:00:00.000,1.505,4820.0,11010
2022-02-14 00:00:00.000,1.506,4141.0,10331
2022-02-13 00:00:00.000,1.5,0.0,9177
2022-02-12 00:00:00.000,1.5,0.0,9177
2022-02-11 00:00:00.000,1.5,5347.0,9177
2022-02-10 00:00:00.000,1.5,4307.0,8517
2022-02-09 00:00:00.000,1.5,2961.0,8321
2022-02-08 00:00:00.000,1.5,2958.0,8418
2022-02-07 00:00:00.000,1.5,3113.0,8573
2022-02-06 00:00:00.000,1.5,0.0,8096
2022-02-05 00:00:00.000,1.5,0.0,8096
2022-02-04 00:00:00.000,1.5,3636.0,8096
2022-02-03 00:00:00.000,1.5,4944.0,9474
2022-02-02 00:00:00.000,1.5,4777.0,9157
2022-02-01 00:00:00.000,1.5,3606.0,7986
2022-01-31 00:00:00.000,1.5,3456.0,8006
2022-01-30 00:00:00.000,1.5,0.0,8645
2022-01-29 00:00:00.000,1.5,0.0,8645
2022-01-28 00:00:00.000,1.5,4045.0,8645
2022-01-27 00:00:00.000,1.5,4327.0,8942
2022-01-26 00:00:00.000,1.5,3666.0,8881
2022-01-25 00:00:00.000,1.5,3680.0,8995
2022-01-24 00:00:00.000,1.5,4454.0,9769
2022-01-23 00:00:00.000,1.5,0.0,9170
2022-01-22 00:00:00.000,1.5,0.0,9170
2022-01-21 00:00:00.000,1.5,4655.0,9170
2022-01-20 00:00:00.000,1.5,4763.0,9293
2022-01-19 00:00:00.000,1.5,4167.0,9847
2022-01-18 00:00:00.000,1.5,4256.0,9936
2022-01-17 00:00:00.000,1.5,3659.0,9339
2022-01-16 00:00:00.000,1.503,0.0,8607
2022-01-15 00:00:00.000,1.503,0.0,8607
2022-01-14 00:00:00.000,1.503,3947.0,8607
2022-01-13 00:00:00.000,1.5,5382.0,10042
2022-01-12 00:00:00.000,1.501,7407.0,12547
2022-01-10 00:00:00.000,1.503,5630.0,10389
2022-01-09 00:00:00.000,1.5,0.0,10272
2022-01-08 00:00:00.000,1.5,0.0,10272
2022-01-07 00:00:00.000,1.5,5523.0,10272
2022-01-06 00:00:00.000,1.5,3602.0,8241
2022-01-05 00:00:00.000,1.5,3193.0,7132
2022-01-04 00:00:00.000,1.5,2653.0,6373
2022-01-03 00:00:00.000,1.5,3245.0,7185
2022-01-02 00:00:00.000,1.5,0.0,8607
2022-01-01 00:00:00.000,1.5,0.0,8607
2021-12-31 00:00:00.000,1.5,4917.0,8607
2021-12-30 00:00:00.000,1.5,5357.0,9287
2021-12-29 00:00:00.000,1.5,6843.0,12273
2021-12-28 00:00:00.000,1.5,3310.0,8740
2021-12-27 00:00:00.000,1.5,2972.0,7701
2021-12-26 00:00:00.000,1.5,0.0,8901
2021-12-25 00:00:00.000,1.5,0.0,8901
2021-12-24 00:00:00.000,1.5,3572.0,8901
2021-12-23 00:00:00.000,1.5,5938.0,11267
2021-12-22 00:00:00.000,1.5,2794.0,8123
2021-12-21 00:00:00.000,1.5,1977.0,7126
2021-12-20 00:00:00.000,1.5,2968.0,7867
2021-12-17 00:00:00.000,1.5,2241.0,7140
2021-12-16 00:00:00.000,1.5,1844.0,6933
2021-12-13 00:00:00.000,1.5,3765.0,9053
2021-11-24 00:00:00.000,1.5,3450.0,7623
2021-11-23 00:00:00.000,1.5,3650.0,7763
2021-11-22 00:00:00.000,1.5,4220.0,8334
2021-11-19 00:00:00.000,1.5,3335.0,7449
2021-11-17 00:00:00.000,1.5,3495.0,8839
2021-11-16 00:00:00.000,1.5,2922.0,8266
2021-11-11 00:00:00.000,1.5,2391.0,6436
2021-11-10 00:00:00.000,1.5,2893.0,7118
2021-11-05 00:00:00.000,1.5,2488.0,6513
2021-11-04 00:00:00.000,1.5,3018.0,7053
2021-10-13 00:00:00.000,1.5,3553.0,7373
2021-10-12 00:00:00.000,1.5,3294.0,7209
2021-10-11 00:00:00.000,1.5,2778.0,6013
2021-10-10 00:00:00.000,1.5,,6321
2021-08-29 00:00:00.000,1.5,,5874
2021-08-18 00:00:00.000,1.5,3580.0,7340
2021-08-17 00:00:00.000,1.5,3333.0,7093
2021-08-16 00:00:00.000,1.5,3358.0,7118
2021-08-15 00:00:00.000,1.5,,6699
2021-08-14 00:00:00.000,1.5,,6699
2021-08-13 00:00:00.000,1.5,3139.0,6699
2021-08-12 00:00:00.000,1.5,2506.0,6006
2021-08-11 00:00:00.000,1.5,1727.0,5127
2021-08-10 00:00:00.000,1.5,,6536
2021-08-09 00:00:00.000,1.5,3136.0,6536
2021-08-08 00:00:00.000,1.5,,6263
2021-08-07 00:00:00.000,1.5,,6263
2021-08-06 00:00:00.000,1.5,3463.0,6263
2021-08-05 00:00:00.000,1.5,2596.0,5431
2021-08-04 00:00:00.000,1.5,2735.0,5570
2021-08-03 00:00:00.000,1.5,3089.0,5674
2021-08-02 00:00:00.000,1.5,2765.0,5350
2021-08-01 00:00:00.000,1.5,,4984
2021-07-31 00:00:00.000,1.5,,4984
2021-07-30 00:00:00.000,1.5,,4984
2021-07-29 00:00:00.000,1.5,2349.0,4984
2021-07-28 00:00:00.000,1.5,3527.0,6012
2021-07-27 00:00:00.000,1.5,3064.0,5549
2021-07-26 00:00:00.000,1.5,2012.0,4397
2021-07-25 00:00:00.000,1.5,,4640
2021-07-24 00:00:00.000,1.5,,4640
2021-07-23 00:00:00.000,1.5,1630.0,4640
2021-07-22 00:00:00.000,1.5,,5220
2021-07-21 00:00:00.000,1.5,,5220
2021-07-20 00:00:00.000,1.5,2210.0,5220
2021-07-19 00:00:00.000,1.5,1900.0,4340
2021-07-18 00:00:00.000,1.5,,3465
2021-07-17 00:00:00.000,1.5,,3465
2021-07-16 00:00:00.000,1.5,1305.0,3465
2021-07-15 00:00:00.000,1.5,1733.0,4293
2021-07-14 00:00:00.000,1.501,3380.0,6140
2021-07-13 00:00:00.000,1.505,4343.0,7273
2021-07-12 00:00:00.000,1.5,4767.0,7947
2021-07-11 00:00:00.000,1.505,,8227
2021-07-10 00:00:00.000,1.505,,8227
2021-07-09 00:00:00.000,1.505,5047.0,8227
2021-07-08 00:00:00.000,1.5,5372.0,8207
2021-07-07 00:00:00.000,1.5,5361.0,7796
2021-07-06 00:00:00.000,1.5,5409.0,7844
2021-07-05 00:00:00.000,1.5,5799.0,8234
2021-07-04 00:00:00.000,1.5,,7851
2021-07-03 00:00:00.000,1.5,,7851
2021-07-02 00:00:00.000,1.5,5466.0,7851
2021-07-01 00:00:00.000,1.5,6987.0,9372
2021-06-30 00:00:00.000,1.501,15609.0,18364
2021-06-29 00:00:00.000,1.502,9014.0,11069
2021-06-28 00:00:00.000,1.5,5006.0,9061
2021-06-27 00:00:00.000,1.5,,10151
2021-06-26 00:00:00.000,1.5,,10151
2021-06-25 00:00:00.000,1.5,6096.0,10151
2021-06-24 00:00:00.000,1.5,5145.0,9200
2021-06-23 00:00:00.000,1.5,4427.0,8882
2021-06-22 00:00:00.000,1.5,4586.0,9041
2021-06-21 00:00:00.000,1.5,3976.0,8631
2021-06-20 00:00:00.000,1.5,,8493
2021-06-19 00:00:00.000,1.5,,8493
2021-06-18 00:00:00.000,1.5,3838.0,8493
2021-06-17 00:00:00.000,1.5,4356.0,9011
2021-06-16 00:00:00.000,1.5,4706.0,9311
2021-06-15 00:00:00.000,1.5,4260.0,8645
2021-06-14 00:00:00.000,1.5,7612.0,12217
2021-06-13 00:00:00.000,1.5,,9314
2021-06-12 00:00:00.000,1.5,,9314
2021-06-11 00:00:00.000,1.5,4909.0,9314
2021-06-10 00:00:00.000,1.5,4960.0,9365
2021-06-09 00:00:00.000,1.5,4508.0,9113
2021-06-08 00:00:00.000,1.5,3860.0,8465
2021-06-07 00:00:00.000,1.5,4206.0,8611
2021-06-06 00:00:00.000,1.5,,9153
2021-06-05 00:00:00.000,1.5,,9153
2021-06-04 00:00:00.000,1.5,4748.0,9153
2021-06-03 00:00:00.000,1.5,4805.0,8910
2021-06-02 00:00:00.000,1.5,4662.0,8717
2021-06-01 00:00:00.000,1.5,4545.0,8400
2021-05-31 00:00:00.000,1.5,5197.0,7352
2021-05-30 00:00:00.000,1.5,,7247
2021-05-29 00:00:00.000,1.5,,7247
2021-05-28 00:00:00.000,1.5,4082.0,7247
2021-05-27 00:00:00.000,1.5,4798.0,7963
2021-05-26 00:00:00.000,1.5,4531.0,8096
2021-05-25 00:00:00.000,1.5,5072.0,8637
2021-05-24 00:00:00.000,1.5,5115.0,8680
2021-05-23 00:00:00.000,1.5,,8071
2021-05-22 00:00:00.000,1.5,,8071
2021-05-21 00:00:00.000,1.5,4756.0,8071
2021-05-20 00:00:00.000,1.5,5185.0,8500
2021-05-19 00:00:00.000,1.5,3327.0,6642
2021-05-18 00:00:00.000,1.5,3469.0,6634
2021-05-17 00:00:00.000,1.5,3165.0,6330
2021-05-16 00:00:00.000,1.5,,7443
2021-05-15 00:00:00.000,1.5,,7443
2021-05-14 00:00:00.000,1.5,,7443
2021-05-13 00:00:00.000,1.5,,7443
2021-05-12 00:00:00.000,1.5,4278.0,7443
2021-05-11 00:00:00.000,1.5,4363.0,7528
2021-05-10 00:00:00.000,1.5,3689.0,6854
2021-05-09 00:00:00.000,1.5,,6916
2021-05-08 00:00:00.000,1.5,,6916
2021-05-07 00:00:00.000,1.5,3751.0,6916
2021-05-06 00:00:00.000,1.5,3986.0,7151
2021-05-05 00:00:00.000,1.5,4864.0,8029
2021-05-04 00:00:00.000,1.5,5113.0,8278
2021-05-03 00:00:00.000,1.5,5298.0,8463
2021-05-02 00:00:00.000,1.5,,8154
2021-05-01 00:00:00.000,1.5,,8154
2021-04-30 00:00:00.000,1.5,4669.0,8154
2021-04-29 00:00:00.000,1.5,3875.0,6910
2021-04-28 00:00:00.000,1.5,5094.0,8479
2021-04-27 00:00:00.000,1.5,4622.0,8007
2021-04-26 00:00:00.000,1.5,3914.0,7299
2021-04-25 00:00:00.000,1.5,0.0,7639
2021-04-24 00:00:00.000,1.5,,7639
2021-04-23 00:00:00.000,1.5,4254.0,7639
2021-04-22 00:00:00.000,1.5,3742.0,7127
2021-04-21 00:00:00.000,1.5,3863.0,7348
2021-04-20 00:00:00.000,1.5,3605.0,7090
2021-04-19 00:00:00.000,1.5,3154.0,6639
2021-04-18 00:00:00.000,1.5,0.0,7309
2021-04-17 00:00:00.000,1.5,,7309
2021-04-16 00:00:00.000,1.5,3824.0,7309
2021-04-15 00:00:00.000,1.5,4352.0,7782
2021-04-14 00:00:00.000,1.5,4927.0,8452
2021-04-13 00:00:00.000,1.5,4872.0,8397
2021-04-12 00:00:00.000,1.5,4355.0,7880
2021-04-11 00:00:00.000,1.5,,7731
2021-04-10 00:00:00.000,1.5,,7731
2021-04-09 00:00:00.000,1.5,4206.0,7731
2021-04-08 00:00:00.000,1.5,4351.0,7876
2021-04-07 00:00:00.000,1.5,4202.0,7672
2021-04-06 00:00:00.000,1.5,3945.0,7415
2021-04-05 00:00:00.000,1.5,5063.0,8533
2021-04-04 00:00:00.000,1.5,0.0,9605
2021-04-03 00:00:00.000,1.5,,9605
2021-04-02 00:00:00.000,1.5,6120.0,9605
2021-04-01 00:00:00.000,1.5,4192.0,7607
2021-03-31 00:00:00.000,1.5,6084.0,9484
2021-03-30 00:00:00.000,1.5,7103.0,10413
2021-03-29 00:00:00.000,1.5,4995.0,8270
2021-03-28 00:00:00.000,1.5,,8317
2021-03-27 00:00:00.000,1.5,,8317
2021-03-26 00:00:00.000,1.5,5097.0,8317
2021-03-25 00:00:00.000,1.5,4374.0,7274
2021-03-24 00:00:00.000,1.5,2450.0,6570
2021-03-23 00:00:00.000,1.5,3188.0,7208
2021-03-22 00:00:00.000,1.5,3507.0,7527
2021-03-21 00:00:00.000,1.5,0.0,6086
2021-03-20 00:00:00.000,1.5,,6086
2021-03-19 00:00:00.000,1.5,2886.0,6086
2021-03-18 00:00:00.000,1.5,3238.0,6438
2021-03-17 00:00:00.000,1.5,3567.0,6967
2021-03-16 00:00:00.000,1.5,4885.0,7985
2021-03-15 00:00:00.000,1.5,5228.0,8328
2021-03-14 00:00:00.000,1.5,,7453
2021-03-13 00:00:00.000,1.5,,7453
2021-03-12 00:00:00.000,1.5,4503.0,7453
2021-03-11 00:00:00.000,1.5,3961.0,6911
2021-03-10 00:00:00.000,1.5,2674.0,6744
2021-03-09 00:00:00.000,1.5,2845.0,6915
2021-03-08 00:00:00.000,1.5,3207.0,7277
2021-03-07 00:00:00.000,1.5,,7376
2021-03-06 00:00:00.000,1.5,,7376
2021-03-05 00:00:00.000,1.5,4436.0,7376
2021-03-04 00:00:00.000,1.5,3994.0,7854
2021-03-03 00:00:00.000,1.5,3662.0,8182
2021-03-02 00:00:00.000,1.5,4590.0,8190
2021-03-01 00:00:00.000,1.5,4978.0,8648
2021-02-28 00:00:00.000,1.5,,7709
2021-02-27 00:00:00.000,1.5,,7709
2021-02-26 00:00:00.000,1.5,3839.0,7709
2021-02-25 00:00:00.000,1.5,3990.0,7340
2021-02-24 00:00:00.000,1.5,3770.0,7540
2021-02-23 00:00:00.000,1.5,3688.0,7458
2021-02-22 00:00:00.000,1.5,4945.0,7795
2021-02-21 00:00:00.000,1.5,,7900
2021-02-20 00:00:00.000,1.5,,7900
2021-02-19 00:00:00.000,1.5,5100.0,7900
2021-02-18 00:00:00.000,1.5,4648.0,7448
2021-02-17 00:00:00.000,1.5,4673.0,8913
2021-02-16 00:00:00.000,1.5,4529.0,8769
2021-02-15 00:00:00.000,1.5,4767.0,9007
2021-02-14 00:00:00.000,1.5,0.0,8321
2021-02-13 00:00:00.000,1.5,,8321
2021-02-12 00:00:00.000,1.5,5221.0,8321
2021-02-11 00:00:00.000,1.5,5258.0,8358
2021-02-10 00:00:00.000,1.5,4443.0,8443
2021-02-09 00:00:00.000,1.5,4082.0,8082
2021-02-08 00:00:00.000,1.5,3869.0,7869
2021-02-07 00:00:00.000,1.5,,8109
2021-02-06 00:00:00.000,1.5,,8109
2021-02-05 00:00:00.000,1.5,5009.0,8109
2021-02-04 00:00:00.000,1.5,4806.0,7906
2021-02-03 00:00:00.000,1.501,4898.0,9328
2021-02-02 00:00:00.000,1.5,6114.0,10544
2021-02-01 00:00:00.000,1.5,4611.0,9041
2021-01-31 00:00:00.000,1.5,0.0,8362
2021-01-30 00:00:00.000,1.5,,8362
2021-01-29 00:00:00.000,1.5,4682.0,8362
2021-01-28 00:00:00.000,1.5,5887.0,9467
2021-01-27 00:00:00.000,1.5,6869.0,10449
2021-01-26 00:00:00.000,1.5,6980.0,10560
2021-01-25 00:00:00.000,1.5,6335.0,9915
2021-01-24 00:00:00.000,1.5,,9447
2021-01-23 00:00:00.000,1.5,,9447
2021-01-22 00:00:00.000,1.5,5867.0,9447
2021-01-21 00:00:00.000,1.5,4882.0,8462
2021-01-20 00:00:00.000,1.5,4879.0,9399
2021-01-19 00:00:00.000,1.5,4880.0,9400
2021-01-18 00:00:00.000,1.5,5304.0,9224
2021-01-17 00:00:00.000,1.5,,9015
2021-01-16 00:00:00.000,1.5,,9015
2021-01-15 00:00:00.000,1.5,5235.0,9015
2021-01-14 00:00:00.000,1.5,4665.0,8445
2021-01-13 00:00:00.000,1.5,5320.0,9100
2021-01-12 00:00:00.000,1.5,5213.0,8943
2021-01-11 00:00:00.000,1.5,,8456
2021-01-10 00:00:00.000,1.5,0.0,8456
2021-01-09 00:00:00.000,1.5,,8456
2021-01-08 00:00:00.000,1.5,4726.0,8456
2021-01-07 00:00:00.000,1.5,4755.0,8485
2021-01-06 00:00:00.000,1.5,4505.0,7835
2021-01-05 00:00:00.000,1.5,4389.0,7719
2021-01-04 00:00:00.000,1.5,5342.0,8672
2021-01-03 00:00:00.000,1.5,,9761
2021-01-02 00:00:00.000,1.5,,9761
2021-01-01 00:00:00.000,1.5,,9761
